step,SEEF,Static,accuracy,latency_ms,feature,drift_score,approach,seed,f1
159,0.9803921568627451,0.9803921568627451,0.98125,0.018690337510918198,identity,0.0,A Static,42,0.9803921568627451
319,0.9793103448275862,0.9793103448275862,0.98125,0.014926449995300572,identity,0.03941874013443343,A Static,42,0.9793103448275862
479,0.9696969696969697,0.9696969696969697,0.975,0.014782200000240664,identity,0.05084082130436971,A Static,42,0.9696969696969697
639,0.9707602339181286,0.9707602339181286,0.96875,0.015562518748879484,identity,0.06260438694998154,A Static,42,0.9707602339181286
799,0.9681528662420382,0.9681528662420382,0.96875,0.012776900007338554,identity,0.04410050788155802,A Static,42,0.9681528662420382
959,0.9707602339181286,0.9707602339181286,0.96875,0.014126400002112405,identity,0.02622961746348165,A Static,42,0.9707602339181286
1119,0.9873417721518988,0.9873417721518988,0.9875,0.012192156249568598,identity,0.031491031277274005,A Static,42,0.9873417721518988
1279,0.9493670886075949,0.9493670886075949,0.95,0.010596156239728316,identity,0.07537699879168276,A Static,42,0.9493670886075949
1439,0.9529411764705882,0.9529411764705882,0.95,0.018831600006308236,identity,0.05933261344441035,A Static,42,0.9529411764705882
1599,0.9633507853403142,0.9633507853403142,0.95625,0.01111774374749075,identity,0.06155021269091699,A Static,42,0.9633507853403142
1759,0.971830985915493,0.971830985915493,0.975,0.012488299984170226,identity,0.02508801070575622,A Static,42,0.971830985915493
1919,0.9290322580645162,0.9290322580645162,0.93125,0.008578956250460124,identity,0.11883374427816766,A Static,42,0.9290322580645162
2079,0.974025974025974,0.974025974025974,0.975,0.00893465626319312,identity,0.04644729417740079,A Static,42,0.974025974025974
2239,0.9634146341463414,0.9634146341463414,0.9625,0.012630225010923368,identity,0.08502394926400703,A Static,42,0.9634146341463414
2399,0.9781021897810219,0.9781021897810219,0.98125,0.008905856236651744,identity,0.06294100800864105,A Static,42,0.9781021897810219
2559,0.9315068493150684,0.9315068493150684,0.9375,0.00879866875038715,identity,0.07832138571479502,A Static,42,0.9315068493150684
2719,0.9759036144578314,0.9759036144578314,0.975,0.009668831259546096,identity,0.04710692783030133,A Static,42,0.9759036144578314
2879,0.9624060150375939,0.9624060150375939,0.96875,0.009188306256646683,identity,0.037935807002391235,A Static,42,0.9624060150375939
3039,0.8717948717948718,0.8717948717948718,0.875,0.01264271250533966,identity,0.23097915100258468,A Static,42,0.8717948717948718
3199,0.4794520547945205,0.4794520547945205,0.525,0.008673193744357377,identity,0.5004992525735524,A Static,42,0.4794520547945205
3359,0.5222929936305732,0.5222929936305732,0.53125,0.00872120000394716,identity,0.4714632963631941,A Static,42,0.5222929936305732
3519,0.6900584795321637,0.6900584795321637,0.66875,0.009509275007246742,identity,0.44779397338042337,A Static,42,0.6900584795321637
3679,0.5095541401273885,0.5095541401273885,0.51875,0.01083070000618136,identity,0.5125834497846222,A Static,42,0.5095541401273885
3839,0.5534591194968553,0.5534591194968553,0.55625,0.00866597499253885,identity,0.47052397968533805,A Static,42,0.5534591194968553
3999,0.609271523178808,0.609271523178808,0.63125,0.008947243743762101,identity,0.4975150396573854,A Static,42,0.609271523178808
4159,0.5620915032679739,0.5620915032679739,0.58125,0.010296225001127368,identity,0.4768806525516512,A Static,42,0.5620915032679739
4319,0.7204968944099379,0.7204968944099379,0.71875,0.009727987492169632,identity,0.38608360931265445,A Static,42,0.7204968944099379
4479,0.6329113924050633,0.6329113924050633,0.6375,0.012865568739073296,identity,0.437563222969632,A Static,42,0.6329113924050633
4639,0.625,0.625,0.625,0.008851949993982089,identity,0.4520793764059758,A Static,42,0.625
4799,0.6815642458100558,0.6815642458100558,0.64375,0.009051549994865127,identity,0.4372852958211478,A Static,42,0.6815642458100558
4959,0.6037735849056604,0.6037735849056604,0.60625,0.009788574999447519,identity,0.5119969836226187,A Static,42,0.6037735849056604
5119,0.5975609756097561,0.5975609756097561,0.5875,0.012018831242244232,identity,0.4718010019073787,A Static,42,0.5975609756097561
5279,0.5106382978723404,0.5106382978723404,0.56875,0.008827756242624218,identity,0.45982658311083674,A Static,42,0.5106382978723404
5439,0.5647058823529412,0.5647058823529412,0.5375,0.009941187509809879,identity,0.47670493290338606,A Static,42,0.5647058823529412
5599,0.5921052631578947,0.5921052631578947,0.6125,0.010778381239617829,identity,0.4629242751157003,A Static,42,0.5921052631578947
5759,0.5165562913907285,0.5165562913907285,0.54375,0.009718643754297318,identity,0.4450115007887615,A Static,42,0.5165562913907285
5919,0.6214689265536724,0.6214689265536724,0.58125,0.011536531252431814,identity,0.4542567592571927,A Static,42,0.6214689265536724
6079,0.6143790849673203,0.6143790849673203,0.63125,0.009154356241936057,identity,0.44589971386849175,A Static,42,0.6143790849673203
6239,0.44755244755244755,0.44755244755244755,0.50625,0.010354937492706995,identity,0.5026064219534414,A Static,42,0.44755244755244755
6399,0.3546099290780142,0.3546099290780142,0.43125,0.0097631999949499,identity,0.5796463822581792,A Static,42,0.3546099290780142
6559,0.366412213740458,0.366412213740458,0.48125,0.009258299991188323,identity,0.5592659171986464,A Static,42,0.366412213740458
6719,0.3875968992248062,0.3875968992248062,0.50625,0.009930881255115764,identity,0.5619976607320836,A Static,42,0.3875968992248062
6879,0.3333333333333333,0.3333333333333333,0.475,0.010342406251595548,identity,0.512235410458975,A Static,42,0.3333333333333333
7039,0.3875968992248062,0.3875968992248062,0.50625,0.00890737500611749,identity,0.4954471869307762,A Static,42,0.3875968992248062
7199,0.453125,0.453125,0.5625,0.010235275006209577,identity,0.520684533136982,A Static,42,0.453125
7359,0.3916083916083916,0.3916083916083916,0.45625,0.009049412496153764,identity,0.502849791080203,A Static,42,0.3916083916083916
7519,0.4,0.4,0.475,0.009913281240869765,identity,0.5117070759551244,A Static,42,0.4
7679,0.384,0.384,0.51875,0.0090902124966874,identity,0.5257913693450474,A Static,42,0.384
7839,0.46715328467153283,0.46715328467153283,0.54375,0.008719437502691108,identity,0.479885139064908,A Static,42,0.46715328467153283
7999,0.37410071942446044,0.37410071942446044,0.45625,0.009513593754206795,identity,0.5441568099641402,A Static,42,0.37410071942446044
8159,0.5147058823529411,0.5147058823529411,0.5875,0.009345875002964021,identity,0.5133259243417276,A Static,42,0.5147058823529411
8319,0.4090909090909091,0.4090909090909091,0.5125,0.012931206245525573,identity,0.49712656634794805,A Static,42,0.4090909090909091
8479,0.45588235294117646,0.45588235294117646,0.5375,0.013134087505761727,identity,0.4832791339244785,A Static,42,0.45588235294117646
8639,0.4142857142857143,0.4142857142857143,0.4875,0.00850696874863388,identity,0.49519272130948416,A Static,42,0.4142857142857143
8799,0.45161290322580644,0.45161290322580644,0.575,0.01417876875109414,identity,0.48130311407970544,A Static,42,0.45161290322580644
8959,0.4186046511627907,0.4186046511627907,0.53125,0.010212824986410851,identity,0.4936572713690386,A Static,42,0.4186046511627907
9119,0.6586826347305389,0.6586826347305389,0.64375,0.009102925008619422,identity,0.4917537022201368,A Static,42,0.6586826347305389
9279,0.569620253164557,0.569620253164557,0.575,0.009801493749250767,identity,0.46040323764986346,A Static,42,0.569620253164557
9439,0.6111111111111112,0.6111111111111112,0.65,0.009231237501694523,identity,0.46891235497721756,A Static,42,0.6111111111111112
9599,0.5578231292517006,0.5578231292517006,0.59375,0.008719918756128209,identity,0.49012826780985563,A Static,42,0.5578231292517006
9759,0.5526315789473685,0.5526315789473685,0.575,0.010199537510402479,identity,0.45522089756118744,A Static,42,0.5526315789473685
9919,0.4444444444444444,0.4444444444444444,0.5,0.010399512491687801,identity,0.49478784204784193,A Static,42,0.4444444444444444
10079,0.6,0.6,0.625,0.011140412493659824,identity,0.453927281953932,A Static,42,0.6
10239,0.6153846153846154,0.6153846153846154,0.59375,0.008774350007456633,identity,0.4662928175053847,A Static,42,0.6153846153846154
10399,0.5575757575757576,0.5575757575757576,0.54375,0.009843462510161771,identity,0.4741901860640784,A Static,42,0.5575757575757576
10559,0.47297297297297297,0.47297297297297297,0.5125,0.009569531256659047,identity,0.4998102524687174,A Static,42,0.47297297297297297
10719,0.5964912280701754,0.5964912280701754,0.56875,0.009337768759110077,identity,0.4564630335191311,A Static,42,0.5964912280701754
10879,0.6666666666666666,0.6666666666666666,0.66875,0.014108981243055041,identity,0.451980616514264,A Static,42,0.6666666666666666
11039,0.6352941176470588,0.6352941176470588,0.6125,0.02415056875548771,identity,0.4508225594247397,A Static,42,0.6352941176470588
11199,0.6463414634146342,0.6463414634146342,0.6375,0.015163899990966456,identity,0.44751447813330814,A Static,42,0.6463414634146342
11359,0.6593406593406593,0.6593406593406593,0.6125,0.011247312501438955,identity,0.4619492755154902,A Static,42,0.6593406593406593
11519,0.573170731707317,0.573170731707317,0.5625,0.010851462509720022,identity,0.5038968789890115,A Static,42,0.573170731707317
11679,0.5562913907284768,0.5562913907284768,0.58125,0.012275900009228735,identity,0.4732338527290519,A Static,42,0.5562913907284768
11839,0.6242038216560509,0.6242038216560509,0.63125,0.01599916249404032,identity,0.47835522274692116,A Static,42,0.6242038216560509
11999,0.5394736842105263,0.5394736842105263,0.5625,0.012131787497082769,identity,0.4551754577671844,A Static,42,0.5394736842105263
12159,0.9219858156028369,0.9219858156028369,0.93125,0.01320696874671512,identity,0.16020894500990918,A Static,42,0.9219858156028369
12319,0.9876543209876543,0.9876543209876543,0.9875,0.009207612500006235,identity,0.05533646190769109,A Static,42,0.9876543209876543
12479,0.9512195121951219,0.9512195121951219,0.95,0.012873062505036614,identity,0.07548862666713475,A Static,42,0.9512195121951219
12639,0.975,0.975,0.975,0.0251682000140363,identity,0.05060365745193966,A Static,42,0.975
12799,0.9645390070921985,0.9645390070921985,0.96875,0.012178049996691698,identity,0.03573626857038508,A Static,42,0.9645390070921985
12959,0.9710982658959537,0.9710982658959537,0.96875,0.01403800624757423,identity,0.06456189679574259,A Static,42,0.9710982658959537
13119,0.9512195121951219,0.9512195121951219,0.95,0.008930437516596612,identity,0.061086020793720525,A Static,42,0.9512195121951219
13279,0.9937888198757764,0.9937888198757764,0.99375,0.010183193766977183,identity,0.061481931743125,A Static,42,0.9937888198757764
13439,0.974025974025974,0.974025974025974,0.975,0.04574316250227639,identity,0.06607732871720362,A Static,42,0.974025974025974
13599,0.9857142857142858,0.9857142857142858,0.9875,0.01702230000688587,identity,0.05352711457235516,A Static,42,0.9857142857142858
13759,0.9459459459459459,0.9459459459459459,0.95,0.01124157499816647,identity,0.07505803165114644,A Static,42,0.9459459459459459
13919,0.9761904761904762,0.9761904761904762,0.975,0.014011687510162574,identity,0.03459810367749186,A Static,42,0.9761904761904762
159,0.9803921568627451,0.9803921568627451,0.98125,0.7129063999983032,identity,0.0,B Retraining,42,0.9803921568627451
319,0.9793103448275862,0.9793103448275862,0.98125,0.06519558748578902,identity,0.03941874013443343,B Retraining,42,0.9793103448275862
479,0.9696969696969697,0.9696969696969697,0.975,0.0379394562600055,identity,0.05084082130436971,B Retraining,42,0.9696969696969697
639,0.9707602339181286,0.9707602339181286,0.96875,0.023806556259842182,identity,0.06260438694998154,B Retraining,42,0.9707602339181286
799,0.9681528662420382,0.9681528662420382,0.96875,0.02341753125563173,identity,0.04410050788155802,B Retraining,42,0.9681528662420382
959,0.9707602339181286,0.9707602339181286,0.96875,0.016129912513918043,identity,0.02622961746348165,B Retraining,42,0.9707602339181286
1119,0.9873417721518988,0.9873417721518988,0.9875,0.00970541875346953,identity,0.031491031277274005,B Retraining,42,0.9873417721518988
1279,0.9493670886075949,0.9493670886075949,0.95,0.010382456254376393,identity,0.07537699879168276,B Retraining,42,0.9493670886075949
1439,0.9529411764705882,0.9529411764705882,0.95,0.011948031260544667,identity,0.05933261344441035,B Retraining,42,0.9529411764705882
1599,0.9633507853403142,0.9633507853403142,0.95625,0.01348305623878332,identity,0.06155021269091699,B Retraining,42,0.9633507853403142
1759,0.971830985915493,0.971830985915493,0.975,0.009694225001055656,identity,0.02508801070575622,B Retraining,42,0.971830985915493
1919,0.9290322580645162,0.9290322580645162,0.93125,0.0129038749903998,identity,0.11883374427816766,B Retraining,42,0.9290322580645162
2079,0.974025974025974,0.974025974025974,0.975,0.008762443746945792,identity,0.04644729417740079,B Retraining,42,0.974025974025974
2239,0.9634146341463414,0.9634146341463414,0.9625,0.016431968742836034,identity,0.08502394926400703,B Retraining,42,0.9634146341463414
2399,0.9781021897810219,0.9781021897810219,0.98125,0.009667025010173802,identity,0.06294100800864105,B Retraining,42,0.9781021897810219
2559,0.9315068493150684,0.9315068493150684,0.9375,0.03687730624761798,identity,0.07832138571479502,B Retraining,42,0.9315068493150684
2719,0.9759036144578314,0.9759036144578314,0.975,0.009746687503309204,identity,0.04710692783030133,B Retraining,42,0.9759036144578314
2879,0.9624060150375939,0.9624060150375939,0.96875,0.009020818745852921,identity,0.037935807002391235,B Retraining,42,0.9624060150375939
3039,0.8717948717948718,0.8717948717948718,0.875,0.009554525011878923,identity,0.23097915100258468,B Retraining,42,0.8717948717948718
3199,0.4794520547945205,0.4794520547945205,0.525,0.04125293750689707,identity,0.5004992525735524,B Retraining,42,0.4794520547945205
3359,0.5222929936305732,0.5222929936305732,0.53125,0.043941768744559795,identity,0.4714632963631941,B Retraining,42,0.5222929936305732
3519,0.6881720430107527,0.6900584795321637,0.6375,0.011685893747426235,identity,0.19605599907208804,B Retraining,42,0.6881720430107527
3679,0.735632183908046,0.5095541401273885,0.7125,0.013697349997698893,identity,0.14255118826101842,B Retraining,42,0.735632183908046
3839,0.7472527472527473,0.5534591194968553,0.7125,0.012073162501735624,identity,0.18275142000885974,B Retraining,42,0.7472527472527473
3999,0.7840909090909091,0.609271523178808,0.7625,0.009191456250334795,identity,0.15343642291899445,B Retraining,42,0.7840909090909091
4159,0.6623376623376623,0.5620915032679739,0.675,0.009182362508397546,identity,0.1837503658646874,B Retraining,42,0.6623376623376623
4319,0.6666666666666666,0.7204968944099379,0.6375,0.08951114375435054,identity,0.21359159801790706,B Retraining,42,0.6666666666666666
4479,0.7071823204419889,0.6329113924050633,0.66875,0.012909531244531536,identity,0.14469168197210808,B Retraining,42,0.7071823204419889
4639,0.6829268292682927,0.625,0.675,0.009548793738645145,identity,0.17661138071153948,B Retraining,42,0.6829268292682927
4799,0.6881720430107527,0.6815642458100558,0.6375,0.01376689999261771,identity,0.14052076260415192,B Retraining,42,0.6881720430107527
4959,0.7231638418079096,0.6037735849056604,0.69375,0.020089618767826778,identity,0.159365532416831,B Retraining,42,0.7231638418079096
5119,0.6549707602339181,0.5975609756097561,0.63125,0.011027274997843506,identity,0.17635230920513184,B Retraining,42,0.6549707602339181
5279,0.6971428571428572,0.5106382978723404,0.66875,0.027359993754316747,identity,0.15126581714532245,B Retraining,42,0.6971428571428572
5439,0.7314285714285714,0.5647058823529412,0.70625,0.009899231253029939,identity,0.1444988014789455,B Retraining,42,0.7314285714285714
5599,0.6792452830188679,0.5921052631578947,0.68125,0.024054456252997625,identity,0.2100584818401678,B Retraining,42,0.6792452830188679
5759,0.5955056179775281,0.5165562913907285,0.55,0.043753437508087245,identity,0.16256551579944362,B Retraining,42,0.5955056179775281
5919,0.7604166666666666,0.6214689265536724,0.7125,0.009120237498905226,identity,0.17660324345270229,B Retraining,42,0.7604166666666666
6079,0.6282051282051282,0.6143790849673203,0.6375,0.06258644999093121,identity,0.2752624701799425,B Retraining,42,0.6282051282051282
6239,0.5477707006369427,0.44755244755244755,0.55625,0.0298275812610882,identity,0.26922329154341057,B Retraining,42,0.5477707006369427
6399,0.4966442953020134,0.3546099290780142,0.53125,0.05152708124853689,identity,0.3089428621814237,B Retraining,42,0.4966442953020134
6559,0.391304347826087,0.366412213740458,0.475,0.040035162497531473,identity,0.3957246278592558,B Retraining,42,0.391304347826087
6719,0.0,0.3875968992248062,0.7,0.024970931252710216,identity,0.10984868680301595,B Retraining,42,0.0
6879,0.03773584905660377,0.3333333333333333,0.68125,0.17718634998828975,identity,0.0667345071079272,B Retraining,42,0.03773584905660377
7039,0.03508771929824561,0.3875968992248062,0.65625,0.010370362494427354,identity,0.1472213634867589,B Retraining,42,0.03508771929824561
7199,0.0,0.453125,0.65625,0.017591993746179924,identity,0.0852036541904443,B Retraining,42,0.0
7359,0.0,0.3916083916083916,0.61875,0.08831210624578034,identity,0.1288326156950832,B Retraining,42,0.0
7519,0.0,0.4,0.6375,0.01694276875525702,identity,0.04082893035099902,B Retraining,42,0.0
7679,0.041666666666666664,0.384,0.7125,0.027349068759008333,identity,0.08808144199880374,B Retraining,42,0.041666666666666664
7839,0.0,0.46715328467153283,0.63125,0.01764676876376825,identity,0.1475498397598415,B Retraining,42,0.0
7999,0.0,0.37410071942446044,0.6625,0.037583337504543124,identity,0.10477298649530023,B Retraining,42,0.0
8159,0.03571428571428571,0.5147058823529411,0.6625,0.03781766250057217,identity,0.041302124177459106,B Retraining,42,0.03571428571428571
8319,0.043478260869565216,0.4090909090909091,0.725,0.00962688749410745,identity,0.052748517450764025,B Retraining,42,0.043478260869565216
8479,0.03333333333333333,0.45588235294117646,0.6375,0.12626773751094333,identity,0.1503413202227217,B Retraining,42,0.03333333333333333
8639,0.0,0.4142857142857143,0.63125,0.010294949983347124,identity,0.15495990361608122,B Retraining,42,0.0
8799,0.0,0.45161290322580644,0.68125,0.012124587496487038,identity,0.09270995368029446,B Retraining,42,0.0
8959,0.038461538461538464,0.4186046511627907,0.6875,0.013459200008014705,identity,0.042018463524484656,B Retraining,42,0.038461538461538464
9119,0.02564102564102564,0.6586826347305389,0.525,0.012975599999265341,identity,0.3227560249819743,B Retraining,42,0.02564102564102564
9279,0.0,0.569620253164557,0.48125,0.024547156249354884,identity,0.4155956171741986,B Retraining,42,0.0
9439,0.6187050359712231,0.6111111111111112,0.66875,0.01636220625016449,identity,0.1246979731025586,B Retraining,42,0.6187050359712231
9599,0.6538461538461539,0.5578231292517006,0.6625,0.08396193124440288,identity,0.04345770955260035,B Retraining,42,0.6538461538461539
9759,0.6282051282051282,0.5526315789473685,0.6375,0.023810243752109272,identity,0.06054126392364306,B Retraining,42,0.6282051282051282
9919,0.6081081081081081,0.4444444444444444,0.6375,0.01899403749519024,identity,0.023146390822525873,B Retraining,42,0.6081081081081081
10079,0.6797385620915033,0.6,0.69375,0.0211897375152148,identity,0.060427703321678336,B Retraining,42,0.6797385620915033
10239,0.7239263803680982,0.6153846153846154,0.71875,0.012715037493649106,identity,0.09046784277948511,B Retraining,42,0.7239263803680982
10399,0.7218934911242604,0.5575757575757576,0.70625,0.033282856250593795,identity,0.05454662612034779,B Retraining,42,0.7218934911242604
10559,0.6415094339622641,0.47297297297297297,0.64375,0.025053712498390723,identity,0.11112062943275833,B Retraining,42,0.6415094339622641
10719,0.6470588235294118,0.5964912280701754,0.625,0.017938499993874757,identity,0.09028334995444817,B Retraining,42,0.6470588235294118
10879,0.6363636363636364,0.6666666666666666,0.65,0.07622834999807537,identity,0.050840947557904574,B Retraining,42,0.6363636363636364
11039,0.6993865030674846,0.6352941176470588,0.69375,0.045422387501048433,identity,0.08762917812517118,B Retraining,42,0.6993865030674846
11199,0.7019867549668874,0.6463414634146342,0.71875,0.01096896250487589,identity,0.046181254762242566,B Retraining,42,0.7019867549668874
11359,0.7078651685393258,0.6593406593406593,0.675,0.04023095626592976,identity,0.0912137347369538,B Retraining,42,0.7078651685393258
11519,0.6931818181818182,0.573170731707317,0.6625,0.02351806875111606,identity,0.06461875159370627,B Retraining,42,0.6931818181818182
11679,0.6751592356687898,0.5562913907284768,0.68125,0.009354149995033367,identity,0.050367919386342844,B Retraining,42,0.6751592356687898
11839,0.6511627906976745,0.6242038216560509,0.625,0.08587547500411574,identity,0.12327167714781917,B Retraining,42,0.6511627906976745
11999,0.6938775510204082,0.5394736842105263,0.71875,0.02415335625158832,identity,0.05200848072684984,B Retraining,42,0.6938775510204082
12159,0.6143790849673203,0.9219858156028369,0.63125,0.010752981245332194,identity,0.2743937704707052,B Retraining,42,0.6143790849673203
12319,0.5818181818181818,0.9876543209876543,0.56875,0.0326311375062005,identity,0.3021440123110165,B Retraining,42,0.5818181818181818
12479,0.5526315789473685,0.9512195121951219,0.575,0.03972128125724339,identity,0.2880131480556643,B Retraining,42,0.5526315789473685
12639,0.9693251533742331,0.975,0.96875,0.1378117812365076,identity,0.2020367958772359,B Retraining,42,0.9693251533742331
12799,0.9517241379310345,0.9645390070921985,0.95625,0.032092993741628106,identity,0.11554582202158929,B Retraining,42,0.9517241379310345
12959,0.9717514124293786,0.9710982658959537,0.96875,0.010961062493208829,identity,0.06795414044932702,B Retraining,42,0.9717514124293786
13119,0.9647058823529412,0.9512195121951219,0.9625,0.019561949993374128,identity,0.04987789596344238,B Retraining,42,0.9647058823529412
13279,0.9818181818181818,0.9937888198757764,0.98125,0.07181661874255951,identity,0.0643062801324505,B Retraining,42,0.9818181818181818
13439,0.9746835443037974,0.974025974025974,0.975,0.03678111250593474,identity,0.055536756676833436,B Retraining,42,0.9746835443037974
13599,0.9857142857142858,0.9857142857142858,0.9875,0.054252562497936196,identity,0.05490828837014704,B Retraining,42,0.9857142857142858
13759,0.9342105263157895,0.9459459459459459,0.9375,0.02851915624830781,identity,0.08809524112371629,B Retraining,42,0.9342105263157895
13919,0.9824561403508771,0.9761904761904762,0.98125,0.04352320624434469,identity,0.03436171031566175,B Retraining,42,0.9824561403508771
159,0.9803921568627451,0.9803921568627451,0.98125,0.05306166249141597,identity,0.0,C SEEF without EAM,42,0.9803921568627451
319,0.9793103448275862,0.9793103448275862,0.98125,0.03229265625463995,identity,0.03941874013443343,C SEEF without EAM,42,0.9793103448275862
479,0.9696969696969697,0.9696969696969697,0.975,0.010001606240450656,identity,0.05084082130436971,C SEEF without EAM,42,0.9696969696969697
639,0.9707602339181286,0.9707602339181286,0.96875,0.022909587519848174,identity,0.06260438694998154,C SEEF without EAM,42,0.9707602339181286
799,0.9681528662420382,0.9681528662420382,0.96875,0.020106712499057267,identity,0.04410050788155802,C SEEF without EAM,42,0.9681528662420382
959,0.9707602339181286,0.9707602339181286,0.96875,0.012788893755555364,identity,0.02622961746348165,C SEEF without EAM,42,0.9707602339181286
1119,0.9873417721518988,0.9873417721518988,0.9875,0.016192262494030274,identity,0.031491031277274005,C SEEF without EAM,42,0.9873417721518988
1279,0.9493670886075949,0.9493670886075949,0.95,0.01308136875479704,identity,0.07537699879168276,C SEEF without EAM,42,0.9493670886075949
1439,0.9529411764705882,0.9529411764705882,0.95,0.022954893749727034,identity,0.05933261344441035,C SEEF without EAM,42,0.9529411764705882
1599,0.9633507853403142,0.9633507853403142,0.95625,0.009089043749099801,identity,0.06155021269091699,C SEEF without EAM,42,0.9633507853403142
1759,0.971830985915493,0.971830985915493,0.975,0.04090912500203103,identity,0.02508801070575622,C SEEF without EAM,42,0.971830985915493
1919,0.9290322580645162,0.9290322580645162,0.93125,0.01645079374981151,identity,0.11883374427816766,C SEEF without EAM,42,0.9290322580645162
2079,0.974025974025974,0.974025974025974,0.975,0.02205059375341989,identity,0.04644729417740079,C SEEF without EAM,42,0.974025974025974
2239,0.9634146341463414,0.9634146341463414,0.9625,0.008668393753907822,identity,0.08502394926400703,C SEEF without EAM,42,0.9634146341463414
2399,0.9781021897810219,0.9781021897810219,0.98125,0.023326274994417417,identity,0.06294100800864105,C SEEF without EAM,42,0.9781021897810219
2559,0.9315068493150684,0.9315068493150684,0.9375,0.028011462499932804,identity,0.07832138571479502,C SEEF without EAM,42,0.9315068493150684
2719,0.9759036144578314,0.9759036144578314,0.975,0.06245276874068395,identity,0.04710692783030133,C SEEF without EAM,42,0.9759036144578314
2879,0.9624060150375939,0.9624060150375939,0.96875,0.00986081249578774,identity,0.037935807002391235,C SEEF without EAM,42,0.9624060150375939
3039,0.8717948717948718,0.8717948717948718,0.875,0.05627348125614162,identity,0.23097915100258468,C SEEF without EAM,42,0.8717948717948718
3199,0.4794520547945205,0.4794520547945205,0.525,0.04340601874588401,identity,0.5004992525735524,C SEEF without EAM,42,0.4794520547945205
3359,0.5222929936305732,0.5222929936305732,0.53125,0.034390606251122335,identity,0.4714632963631941,C SEEF without EAM,42,0.5222929936305732
3519,0.6900584795321637,0.6900584795321637,0.66875,0.09695966873550788,identity,0.44779397338042337,C SEEF without EAM,42,0.6900584795321637
3679,0.5095541401273885,0.5095541401273885,0.51875,0.09974006250814682,identity,0.5125834497846222,C SEEF without EAM,42,0.5095541401273885
3839,0.5534591194968553,0.5534591194968553,0.55625,0.08995893124961185,identity,0.47052397968533805,C SEEF without EAM,42,0.5534591194968553
3999,0.609271523178808,0.609271523178808,0.63125,0.033171031256529204,identity,0.4975150396573854,C SEEF without EAM,42,0.609271523178808
4159,0.5620915032679739,0.5620915032679739,0.58125,0.05858639374878294,identity,0.4768806525516512,C SEEF without EAM,42,0.5620915032679739
4319,0.7204968944099379,0.7204968944099379,0.71875,0.03457583750758886,identity,0.38608360931265445,C SEEF without EAM,42,0.7204968944099379
4479,0.6329113924050633,0.6329113924050633,0.6375,0.09100898750915576,identity,0.437563222969632,C SEEF without EAM,42,0.6329113924050633
4639,0.9634146341463414,0.625,0.9625,0.04489612499156692,x1*x2,0.11345914043748347,C SEEF without EAM,42,0.9634146341463414
4799,0.9720670391061452,0.6815642458100558,0.96875,0.0629363437596453,x1*x2,0.0342239218913291,C SEEF without EAM,42,0.9720670391061452
4959,0.9554140127388535,0.6037735849056604,0.95625,0.09877506250433044,x1*x2,0.04294197581065779,C SEEF without EAM,42,0.9554140127388535
5119,0.9487179487179487,0.5975609756097561,0.95,0.08262709999939943,x1*x2,0.04749942404660086,C SEEF without EAM,42,0.9487179487179487
5279,0.9548387096774194,0.5106382978723404,0.95625,0.06418569374346816,x1*x2,0.05161534608841962,C SEEF without EAM,42,0.9548387096774194
5439,0.975609756097561,0.5647058823529412,0.975,0.04154216875349448,x1*x2,0.0557832656177964,C SEEF without EAM,42,0.975609756097561
5599,0.9473684210526315,0.5921052631578947,0.95625,0.09417523749135626,x1*x2,0.061233288803190525,C SEEF without EAM,42,0.9473684210526315
5759,0.9241379310344827,0.5165562913907285,0.93125,0.06925451875048338,x1*x2,0.075166569880848,C SEEF without EAM,42,0.9241379310344827
5919,0.956989247311828,0.6214689265536724,0.95,0.06552415000413703,x1*x2,0.05819250598149446,C SEEF without EAM,42,0.956989247311828
6079,0.7397260273972602,0.6143790849673203,0.7625,0.042562618752128856,x1*x2,0.37273946250756396,C SEEF without EAM,42,0.7397260273972602
6239,0.5255474452554745,0.44755244755244755,0.59375,0.054469656249978016,x1*x2,0.47073360578931966,C SEEF without EAM,42,0.5255474452554745
6399,0.4925373134328358,0.3546099290780142,0.575,0.03730980000824502,x1*x2,0.5259503318920056,C SEEF without EAM,42,0.4925373134328358
6559,0.4117647058823529,0.366412213740458,0.5,0.055928312492881105,x1*x2,0.5567210958336656,C SEEF without EAM,42,0.4117647058823529
6719,0.4098360655737705,0.3875968992248062,0.55,0.04665769375549189,x1*x2,0.5105544563061847,C SEEF without EAM,42,0.4098360655737705
6879,0.4316546762589928,0.3333333333333333,0.50625,0.03244978125280795,x1*x2,0.5122838829027818,C SEEF without EAM,42,0.4316546762589928
7039,0.48175182481751827,0.3875968992248062,0.55625,0.07272246873952781,x1*x2,0.5001472788798097,C SEEF without EAM,42,0.48175182481751827
7199,0.4426229508196721,0.453125,0.575,0.05212268750227622,x1*x2,0.47573131680242187,C SEEF without EAM,42,0.4426229508196721
7359,0.4861111111111111,0.3916083916083916,0.5375,0.05294704376126447,x1*x2,0.4952907041678646,C SEEF without EAM,42,0.4861111111111111
7519,0.9827586206896551,0.4,0.9875,0.050253087513851824,x1²,0.14995574084144053,C SEEF without EAM,42,0.9827586206896551
7679,0.968421052631579,0.384,0.98125,0.049729918747232205,x1²,0.09568067559937472,C SEEF without EAM,42,0.968421052631579
7839,0.9830508474576272,0.46715328467153283,0.9875,0.07203642499433727,x1²,0.05899369739454215,C SEEF without EAM,42,0.9830508474576272
7999,0.9523809523809523,0.37410071942446044,0.96875,0.08394092499912631,x1²,0.05738917205017851,C SEEF without EAM,42,0.9523809523809523
8159,0.9454545454545454,0.5147058823529411,0.9625,0.0821231625081964,x1²,0.04641470104718797,C SEEF without EAM,42,0.9454545454545454
8319,0.9777777777777777,0.4090909090909091,0.9875,0.02817824374119482,x1²,0.04816619853717113,C SEEF without EAM,42,0.9777777777777777
8479,0.9915966386554622,0.45588235294117646,0.99375,0.05103205000267508,x1²,0.05218151001988379,C SEEF without EAM,42,0.9915966386554622
8639,1.0,0.4142857142857143,1.0,0.05805487499657147,x1²,0.026260707881616645,C SEEF without EAM,42,1.0
8799,0.9702970297029703,0.45161290322580644,0.98125,0.05277922499402621,x1²,0.06224285926984453,C SEEF without EAM,42,0.9702970297029703
8959,0.9702970297029703,0.4186046511627907,0.98125,0.05856439374127831,x1²,0.0412878168395821,C SEEF without EAM,42,0.9702970297029703
9119,0.5203252032520326,0.6586826347305389,0.63125,0.0776780062551552,x1²,0.53039201729266,C SEEF without EAM,42,0.5203252032520326
9279,0.35036496350364965,0.569620253164557,0.44375,0.08094184376119529,x1²,0.5303997041659271,C SEEF without EAM,42,0.35036496350364965
9439,0.3247863247863248,0.6111111111111112,0.50625,0.08374751874526964,x1²,0.4662577258387231,C SEEF without EAM,42,0.3247863247863248
9599,0.37410071942446044,0.5578231292517006,0.45625,0.11551857498943718,x1²,0.4674216647531943,C SEEF without EAM,42,0.37410071942446044
9759,0.42962962962962964,0.5526315789473685,0.51875,0.11828733749723597,x1²,0.4655556040818107,C SEEF without EAM,42,0.42962962962962964
9919,0.53125,0.4444444444444444,0.625,0.10341138125369298,x1²,0.4981668751015744,C SEEF without EAM,42,0.53125
10079,0.4233576642335766,0.6,0.50625,0.110512874999813,x1²,0.479369062269604,C SEEF without EAM,42,0.4233576642335766
10239,0.4857142857142857,0.6153846153846154,0.55,0.06462738750769859,x1²,0.47087592761458585,C SEEF without EAM,42,0.4857142857142857
10399,0.45454545454545453,0.5575757575757576,0.55,0.05625424999777806,x1²,0.502869884122922,C SEEF without EAM,42,0.45454545454545453
10559,0.9736842105263158,0.47297297297297297,0.975,0.05742596875961681,x1*x2,0.1559006085712752,C SEEF without EAM,42,0.9736842105263158
10719,0.9772727272727273,0.5964912280701754,0.975,0.044931462493025265,x1*x2,0.08725898219971964,C SEEF without EAM,42,0.9772727272727273
10879,0.935064935064935,0.6666666666666666,0.9375,0.024466943742140757,x1*x2,0.0861307369611876,C SEEF without EAM,42,0.935064935064935
11039,0.9349112426035503,0.6352941176470588,0.93125,0.0358604562563869,x1*x2,0.05449366899988946,C SEEF without EAM,42,0.9349112426035503
11199,0.9433962264150944,0.6463414634146342,0.94375,0.028065687496336977,x1*x2,0.04697395642960078,C SEEF without EAM,42,0.9433962264150944
11359,0.9497206703910615,0.6593406593406593,0.94375,0.07154330626519823,x1*x2,0.05107366421882108,C SEEF without EAM,42,0.9497206703910615
11519,0.9651162790697675,0.573170731707317,0.9625,0.03843576875794952,x1*x2,0.05344288090919523,C SEEF without EAM,42,0.9651162790697675
11679,0.9693251533742331,0.5562913907284768,0.96875,0.1262591187412454,x1*x2,0.04841943556077133,C SEEF without EAM,42,0.9693251533742331
11839,0.9491525423728814,0.6242038216560509,0.94375,0.11918086249096405,x1*x2,0.04990950987915984,C SEEF without EAM,42,0.9491525423728814
11999,0.9419354838709677,0.5394736842105263,0.94375,0.06867083126564921,x1*x2,0.05047111223663547,C SEEF without EAM,42,0.9419354838709677
12159,0.5906040268456376,0.9219858156028369,0.61875,0.10534049374939514,x1*x2,0.5378285545641376,C SEEF without EAM,42,0.5906040268456376
12319,0.5228758169934641,0.9876543209876543,0.54375,0.050238718742434685,x1*x2,0.5647999309462373,C SEEF without EAM,42,0.5228758169934641
12479,0.5548387096774193,0.9512195121951219,0.56875,0.03475528124141647,x1*x2,0.47666634977055317,C SEEF without EAM,42,0.5548387096774193
12639,0.573170731707317,0.975,0.5625,0.022044037508806014,x1*x2,0.47388600965113664,C SEEF without EAM,42,0.573170731707317
12799,0.5492957746478874,0.9645390070921985,0.6,0.038230493761659545,x1*x2,0.490447200085399,C SEEF without EAM,42,0.5492957746478874
12959,0.6900584795321637,0.9710982658959537,0.66875,0.04893825625771342,x1*x2,0.43468675282930336,C SEEF without EAM,42,0.6900584795321637
13119,0.6233766233766234,0.9512195121951219,0.6375,0.04541393125094828,x1*x2,0.4391986540475127,C SEEF without EAM,42,0.6233766233766234
13279,0.6432748538011696,0.9937888198757764,0.61875,0.07062806876092509,x1*x2,0.47736703850269124,C SEEF without EAM,42,0.6432748538011696
13439,0.6163522012578616,0.974025974025974,0.61875,0.11349816873149621,x1*x2,0.43550007155838794,C SEEF without EAM,42,0.6163522012578616
13599,0.9857142857142858,0.9857142857142858,0.9875,0.04210643124054059,identity,0.13696775772012243,C SEEF without EAM,42,0.9857142857142858
13759,0.9459459459459459,0.9459459459459459,0.95,0.044771699994328173,identity,0.07505803165114644,C SEEF without EAM,42,0.9459459459459459
13919,0.9761904761904762,0.9761904761904762,0.975,0.020666575005634513,identity,0.03459810367749186,C SEEF without EAM,42,0.9761904761904762
159,0.9803921568627451,0.9803921568627451,0.98125,0.21093798749660664,identity,0.0,D SEEF with EAM,42,0.9803921568627451
319,0.9793103448275862,0.9793103448275862,0.98125,0.04174773751515204,identity,0.03941874013443343,D SEEF with EAM,42,0.9793103448275862
479,0.9696969696969697,0.9696969696969697,0.975,0.041116643744487646,identity,0.05084082130436971,D SEEF with EAM,42,0.9696969696969697
639,0.9707602339181286,0.9707602339181286,0.96875,0.029451806253177892,identity,0.06260438694998154,D SEEF with EAM,42,0.9707602339181286
799,0.9681528662420382,0.9681528662420382,0.96875,0.013559143752672753,identity,0.04410050788155802,D SEEF with EAM,42,0.9681528662420382
959,0.9707602339181286,0.9707602339181286,0.96875,0.024009475005470904,identity,0.02622961746348165,D SEEF with EAM,42,0.9707602339181286
1119,0.9873417721518988,0.9873417721518988,0.9875,0.04440871876312258,identity,0.031491031277274005,D SEEF with EAM,42,0.9873417721518988
1279,0.9493670886075949,0.9493670886075949,0.95,0.010338481237681663,identity,0.07537699879168276,D SEEF with EAM,42,0.9493670886075949
1439,0.9529411764705882,0.9529411764705882,0.95,0.05415099374914689,identity,0.05933261344441035,D SEEF with EAM,42,0.9529411764705882
1599,0.9633507853403142,0.9633507853403142,0.95625,0.06422956874274632,identity,0.06155021269091699,D SEEF with EAM,42,0.9633507853403142
1759,0.971830985915493,0.971830985915493,0.975,0.04892518126240475,identity,0.02508801070575622,D SEEF with EAM,42,0.971830985915493
1919,0.9290322580645162,0.9290322580645162,0.93125,0.02264540624565825,identity,0.11883374427816766,D SEEF with EAM,42,0.9290322580645162
2079,0.974025974025974,0.974025974025974,0.975,0.03357475625165307,identity,0.04644729417740079,D SEEF with EAM,42,0.974025974025974
2239,0.9634146341463414,0.9634146341463414,0.9625,0.024916837497812594,identity,0.08502394926400703,D SEEF with EAM,42,0.9634146341463414
2399,0.9781021897810219,0.9781021897810219,0.98125,0.05978766249228329,identity,0.06294100800864105,D SEEF with EAM,42,0.9781021897810219
2559,0.9315068493150684,0.9315068493150684,0.9375,0.010200962509543388,identity,0.07832138571479502,D SEEF with EAM,42,0.9315068493150684
2719,0.9759036144578314,0.9759036144578314,0.975,0.06451844999304512,identity,0.04710692783030133,D SEEF with EAM,42,0.9759036144578314
2879,0.9624060150375939,0.9624060150375939,0.96875,0.015958762497803036,identity,0.037935807002391235,D SEEF with EAM,42,0.9624060150375939
3039,0.8717948717948718,0.8717948717948718,0.875,0.05071151874460611,identity,0.23097915100258468,D SEEF with EAM,42,0.8717948717948718
3199,0.4794520547945205,0.4794520547945205,0.525,0.024226062498655665,identity,0.5004992525735524,D SEEF with EAM,42,0.4794520547945205
3359,0.5222929936305732,0.5222929936305732,0.53125,0.02558830001220258,identity,0.4714632963631941,D SEEF with EAM,42,0.5222929936305732
3519,0.6900584795321637,0.6900584795321637,0.66875,0.027248212508368397,identity,0.44779397338042337,D SEEF with EAM,42,0.6900584795321637
3679,0.5095541401273885,0.5095541401273885,0.51875,0.041287856230098896,identity,0.5125834497846222,D SEEF with EAM,42,0.5095541401273885
3839,0.5534591194968553,0.5534591194968553,0.55625,0.028563268740811054,identity,0.47052397968533805,D SEEF with EAM,42,0.5534591194968553
3999,0.609271523178808,0.609271523178808,0.63125,0.011972031249740667,identity,0.4975150396573854,D SEEF with EAM,42,0.609271523178808
4159,0.5620915032679739,0.5620915032679739,0.58125,0.026993093747762487,identity,0.4768806525516512,D SEEF with EAM,42,0.5620915032679739
4319,0.7204968944099379,0.7204968944099379,0.71875,0.04102268749193172,identity,0.38608360931265445,D SEEF with EAM,42,0.7204968944099379
4479,0.6329113924050633,0.6329113924050633,0.6375,0.014106331251184656,identity,0.437563222969632,D SEEF with EAM,42,0.6329113924050633
4639,0.9634146341463414,0.625,0.9625,0.08086152499799937,x1*x2,0.11345914043748347,D SEEF with EAM,42,0.9634146341463414
4799,0.9720670391061452,0.6815642458100558,0.96875,0.11368003749936406,x1*x2,0.0342239218913291,D SEEF with EAM,42,0.9720670391061452
4959,0.9554140127388535,0.6037735849056604,0.95625,0.10899509999831025,x1*x2,0.04294197581065779,D SEEF with EAM,42,0.9554140127388535
5119,0.9487179487179487,0.5975609756097561,0.95,0.09947342499714296,x1*x2,0.04749942404660086,D SEEF with EAM,42,0.9487179487179487
5279,0.9548387096774194,0.5106382978723404,0.95625,0.12403134375063019,x1*x2,0.05161534608841962,D SEEF with EAM,42,0.9548387096774194
5439,0.975609756097561,0.5647058823529412,0.975,0.3046423437567114,x1*x2,0.0557832656177964,D SEEF with EAM,42,0.975609756097561
5599,0.9473684210526315,0.5921052631578947,0.95625,0.16033578750693778,x1*x2,0.061233288803190525,D SEEF with EAM,42,0.9473684210526315
5759,0.9241379310344827,0.5165562913907285,0.93125,0.07147898123776031,x1*x2,0.075166569880848,D SEEF with EAM,42,0.9241379310344827
5919,0.956989247311828,0.6214689265536724,0.95,0.05656888124434545,x1*x2,0.05819250598149446,D SEEF with EAM,42,0.956989247311828
6079,0.7397260273972602,0.6143790849673203,0.7625,0.1172396312583146,x1*x2,0.37273946250756396,D SEEF with EAM,42,0.7397260273972602
6239,0.5255474452554745,0.44755244755244755,0.59375,0.20245061874817338,x1*x2,0.47073360578931966,D SEEF with EAM,42,0.5255474452554745
6399,0.4925373134328358,0.3546099290780142,0.575,0.05035102500130506,x1*x2,0.5259503318920056,D SEEF with EAM,42,0.4925373134328358
6559,0.4117647058823529,0.366412213740458,0.5,0.40168152500115184,x1*x2,0.5567210958336656,D SEEF with EAM,42,0.4117647058823529
6719,0.4098360655737705,0.3875968992248062,0.55,0.05338357499624635,x1*x2,0.5105544563061847,D SEEF with EAM,42,0.4098360655737705
6879,0.4316546762589928,0.3333333333333333,0.50625,0.07553602499825729,x1*x2,0.5122838829027818,D SEEF with EAM,42,0.4316546762589928
7039,0.48175182481751827,0.3875968992248062,0.55625,0.5242578875083836,x1*x2,0.5001472788798097,D SEEF with EAM,42,0.48175182481751827
7199,0.4426229508196721,0.453125,0.575,0.040170731250555036,x1*x2,0.47573131680242187,D SEEF with EAM,42,0.4426229508196721
7359,0.4861111111111111,0.3916083916083916,0.5375,0.054689206245939204,x1*x2,0.4952907041678646,D SEEF with EAM,42,0.4861111111111111
7519,0.9827586206896551,0.4,0.9875,0.05916396874994234,x1²,0.14995574084144053,D SEEF with EAM,42,0.9827586206896551
7679,0.968421052631579,0.384,0.98125,0.03868984999684244,x1²,0.09568067559937472,D SEEF with EAM,42,0.968421052631579
7839,0.9830508474576272,0.46715328467153283,0.9875,0.03787128124770334,x1²,0.05899369739454215,D SEEF with EAM,42,0.9830508474576272
7999,0.9523809523809523,0.37410071942446044,0.96875,0.07085886874023117,x1²,0.05738917205017851,D SEEF with EAM,42,0.9523809523809523
8159,0.9454545454545454,0.5147058823529411,0.9625,0.3726050937629566,x1²,0.04641470104718797,D SEEF with EAM,42,0.9454545454545454
8319,0.9777777777777777,0.4090909090909091,0.9875,0.06861932499617751,x1²,0.04816619853717113,D SEEF with EAM,42,0.9777777777777777
8479,0.9915966386554622,0.45588235294117646,0.99375,0.028017100008526086,x1²,0.05218151001988379,D SEEF with EAM,42,0.9915966386554622
8639,1.0,0.4142857142857143,1.0,0.04536306250884081,x1²,0.026260707881616645,D SEEF with EAM,42,1.0
8799,0.9702970297029703,0.45161290322580644,0.98125,0.06607122499246998,x1²,0.06224285926984453,D SEEF with EAM,42,0.9702970297029703
8959,0.9702970297029703,0.4186046511627907,0.98125,0.05310373124984835,x1²,0.0412878168395821,D SEEF with EAM,42,0.9702970297029703
9119,0.5203252032520326,0.6586826347305389,0.63125,0.04549261873592059,x1²,0.53039201729266,D SEEF with EAM,42,0.5203252032520326
9279,0.35036496350364965,0.569620253164557,0.44375,0.10437991875704711,x1²,0.5303997041659271,D SEEF with EAM,42,0.35036496350364965
9439,0.3247863247863248,0.6111111111111112,0.50625,0.029740824999180404,x1²,0.4662577258387231,D SEEF with EAM,42,0.3247863247863248
9599,0.37410071942446044,0.5578231292517006,0.45625,0.02946616250056877,x1²,0.4674216647531943,D SEEF with EAM,42,0.37410071942446044
9759,0.42962962962962964,0.5526315789473685,0.51875,0.1575914937504308,x1²,0.4655556040818107,D SEEF with EAM,42,0.42962962962962964
9919,0.53125,0.4444444444444444,0.625,0.10309839374116336,x1²,0.4981668751015744,D SEEF with EAM,42,0.53125
10079,0.4233576642335766,0.6,0.50625,0.03500039375410324,x1²,0.479369062269604,D SEEF with EAM,42,0.4233576642335766
10239,0.9570552147239264,0.6153846153846154,0.95625,0.040144443757128556,x1*x2,0.15900438634424593,D SEEF with EAM,42,0.9570552147239264
10399,0.9565217391304348,0.5575757575757576,0.95625,0.2753261250020955,x1*x2,0.09514782617231571,D SEEF with EAM,42,0.9565217391304348
10559,0.9736842105263158,0.47297297297297297,0.975,0.04758546874796821,x1*x2,0.05119925983727852,D SEEF with EAM,42,0.9736842105263158
10719,0.9772727272727273,0.5964912280701754,0.975,0.03087618124908431,x1*x2,0.03201333707993484,D SEEF with EAM,42,0.9772727272727273
10879,0.935064935064935,0.6666666666666666,0.9375,0.06483106875521116,x1*x2,0.0861307369611876,D SEEF with EAM,42,0.935064935064935
11039,0.9349112426035503,0.6352941176470588,0.93125,0.022367418762314628,x1*x2,0.05449366899988946,D SEEF with EAM,42,0.9349112426035503
11199,0.9433962264150944,0.6463414634146342,0.94375,0.04121771249003814,x1*x2,0.04697395642960078,D SEEF with EAM,42,0.9433962264150944
11359,0.9497206703910615,0.6593406593406593,0.94375,0.021963431244387266,x1*x2,0.05107366421882108,D SEEF with EAM,42,0.9497206703910615
11519,0.9651162790697675,0.573170731707317,0.9625,0.03518451250386079,x1*x2,0.05344288090919523,D SEEF with EAM,42,0.9651162790697675
11679,0.9693251533742331,0.5562913907284768,0.96875,0.03014871874427172,x1*x2,0.04841943556077133,D SEEF with EAM,42,0.9693251533742331
11839,0.9491525423728814,0.6242038216560509,0.94375,0.07919886248402008,x1*x2,0.04990950987915984,D SEEF with EAM,42,0.9491525423728814
11999,0.9419354838709677,0.5394736842105263,0.94375,0.036507656253093046,x1*x2,0.05047111223663547,D SEEF with EAM,42,0.9419354838709677
12159,0.5906040268456376,0.9219858156028369,0.61875,0.020958049992714223,x1*x2,0.5378285545641376,D SEEF with EAM,42,0.5906040268456376
12319,0.5228758169934641,0.9876543209876543,0.54375,0.024935081249566338,x1*x2,0.5247999309462373,D SEEF with EAM,42,0.5228758169934641
12479,0.5548387096774193,0.9512195121951219,0.56875,0.0767137374978688,x1*x2,0.47666634977055317,D SEEF with EAM,42,0.5548387096774193
12639,0.573170731707317,0.975,0.5625,0.026798412496020774,x1*x2,0.5138860096511366,D SEEF with EAM,42,0.573170731707317
12799,0.5492957746478874,0.9645390070921985,0.6,0.05825153125869065,x1*x2,0.490447200085399,D SEEF with EAM,42,0.5492957746478874
12959,0.6900584795321637,0.9710982658959537,0.66875,0.055336368738778674,x1*x2,0.3946867528293034,D SEEF with EAM,42,0.6900584795321637
13119,0.6233766233766234,0.9512195121951219,0.6375,0.062307856249788074,x1*x2,0.47919865404751266,D SEEF with EAM,42,0.6233766233766234
13279,0.6432748538011696,0.9937888198757764,0.61875,0.07864556875034623,x1*x2,0.47736703850269124,D SEEF with EAM,42,0.6432748538011696
13439,0.6163522012578616,0.974025974025974,0.61875,0.12196699999407201,x1*x2,0.43550007155838794,D SEEF with EAM,42,0.6163522012578616
13599,0.9857142857142858,0.9857142857142858,0.9875,0.04518628750389553,identity,0.13696775772012243,D SEEF with EAM,42,0.9857142857142858
13759,0.9459459459459459,0.9459459459459459,0.95,0.02144190625443798,identity,0.07505803165114644,D SEEF with EAM,42,0.9459459459459459
13919,0.9761904761904762,0.9761904761904762,0.975,0.017075256238285874,identity,0.03459810367749186,D SEEF with EAM,42,0.9761904761904762
159,0.9803921568627451,0.9803921568627451,0.98125,0.6490303624914873,identity,0.0,E SEEF unconditioned,42,0.9803921568627451
319,0.9793103448275862,0.9793103448275862,0.98125,0.05392392501590848,identity,0.03941874013443343,E SEEF unconditioned,42,0.9793103448275862
479,0.9696969696969697,0.9696969696969697,0.975,0.020037912501891242,identity,0.05084082130436971,E SEEF unconditioned,42,0.9696969696969697
639,0.9707602339181286,0.9707602339181286,0.96875,0.10498740625024539,identity,0.06260438694998154,E SEEF unconditioned,42,0.9707602339181286
799,0.9681528662420382,0.9681528662420382,0.96875,0.12632088749739978,identity,0.04410050788155802,E SEEF unconditioned,42,0.9681528662420382
959,0.9707602339181286,0.9707602339181286,0.96875,0.0814239312504128,identity,0.02622961746348165,E SEEF unconditioned,42,0.9707602339181286
1119,0.9873417721518988,0.9873417721518988,0.9875,0.1255136624934039,identity,0.031491031277274005,E SEEF unconditioned,42,0.9873417721518988
1279,0.9493670886075949,0.9493670886075949,0.95,0.0679443437505256,identity,0.07537699879168276,E SEEF unconditioned,42,0.9493670886075949
1439,0.9529411764705882,0.9529411764705882,0.95,0.12275541249948674,identity,0.05933261344441035,E SEEF unconditioned,42,0.9529411764705882
1599,0.9633507853403142,0.9633507853403142,0.95625,0.1166720000057353,identity,0.06155021269091699,E SEEF unconditioned,42,0.9633507853403142
1759,0.971830985915493,0.971830985915493,0.975,0.0181787999935068,identity,0.02508801070575622,E SEEF unconditioned,42,0.971830985915493
1919,0.9290322580645162,0.9290322580645162,0.93125,0.11335813749866475,identity,0.11883374427816766,E SEEF unconditioned,42,0.9290322580645162
2079,0.974025974025974,0.974025974025974,0.975,0.084491256234287,identity,0.04644729417740079,E SEEF unconditioned,42,0.974025974025974
2239,0.9634146341463414,0.9634146341463414,0.9625,0.06497804374703264,identity,0.08502394926400703,E SEEF unconditioned,42,0.9634146341463414
2399,0.9781021897810219,0.9781021897810219,0.98125,0.20331771251278496,identity,0.06294100800864105,E SEEF unconditioned,42,0.9781021897810219
2559,0.9315068493150684,0.9315068493150684,0.9375,0.04934325624788016,identity,0.07832138571479502,E SEEF unconditioned,42,0.9315068493150684
2719,0.9759036144578314,0.9759036144578314,0.975,0.035532362500134695,identity,0.04710692783030133,E SEEF unconditioned,42,0.9759036144578314
2879,0.9624060150375939,0.9624060150375939,0.96875,0.03081924997729857,identity,0.037935807002391235,E SEEF unconditioned,42,0.9624060150375939
3039,0.8717948717948718,0.8717948717948718,0.875,0.01708060625134067,identity,0.23097915100258468,E SEEF unconditioned,42,0.8717948717948718
3199,0.4794520547945205,0.4794520547945205,0.525,0.04799053124315833,identity,0.5004992525735524,E SEEF unconditioned,42,0.4794520547945205
3359,0.5222929936305732,0.5222929936305732,0.53125,0.09478351251317463,identity,0.4714632963631941,E SEEF unconditioned,42,0.5222929936305732
3519,0.6900584795321637,0.6900584795321637,0.66875,0.03928410000639815,identity,0.44779397338042337,E SEEF unconditioned,42,0.6900584795321637
3679,0.5095541401273885,0.5095541401273885,0.51875,0.031767593755205326,identity,0.5125834497846222,E SEEF unconditioned,42,0.5095541401273885
3839,0.5534591194968553,0.5534591194968553,0.55625,0.3967635937570435,identity,0.47052397968533805,E SEEF unconditioned,42,0.5534591194968553
3999,0.609271523178808,0.609271523178808,0.63125,0.4313967124929263,identity,0.4975150396573854,E SEEF unconditioned,42,0.609271523178808
4159,0.5620915032679739,0.5620915032679739,0.58125,0.048494274996357944,identity,0.4768806525516512,E SEEF unconditioned,42,0.5620915032679739
4319,0.7204968944099379,0.7204968944099379,0.71875,0.04000570624924649,identity,0.38608360931265445,E SEEF unconditioned,42,0.7204968944099379
4479,0.6329113924050633,0.6329113924050633,0.6375,0.026715956242640004,identity,0.437563222969632,E SEEF unconditioned,42,0.6329113924050633
4639,0.9634146341463414,0.625,0.9625,0.07791812499817752,x1*x2,0.11345914043748347,E SEEF unconditioned,42,0.9634146341463414
4799,0.9720670391061452,0.6815642458100558,0.96875,0.10842558124863899,x1*x2,0.0342239218913291,E SEEF unconditioned,42,0.9720670391061452
4959,0.9554140127388535,0.6037735849056604,0.95625,0.05169208750430698,x1*x2,0.04294197581065779,E SEEF unconditioned,42,0.9554140127388535
5119,0.9487179487179487,0.5975609756097561,0.95,0.18115683749186928,x1*x2,0.04749942404660086,E SEEF unconditioned,42,0.9487179487179487
5279,0.9548387096774194,0.5106382978723404,0.95625,0.14658628125090445,x1*x2,0.05161534608841962,E SEEF unconditioned,42,0.9548387096774194
5439,0.975609756097561,0.5647058823529412,0.975,0.03372985625276215,x1*x2,0.0557832656177964,E SEEF unconditioned,42,0.975609756097561
5599,0.9473684210526315,0.5921052631578947,0.95625,0.04925711875074512,x1*x2,0.061233288803190525,E SEEF unconditioned,42,0.9473684210526315
5759,0.9241379310344827,0.5165562913907285,0.93125,0.1124146999998743,x1*x2,0.075166569880848,E SEEF unconditioned,42,0.9241379310344827
5919,0.956989247311828,0.6214689265536724,0.95,0.064540724989115,x1*x2,0.05819250598149446,E SEEF unconditioned,42,0.956989247311828
6079,0.7397260273972602,0.6143790849673203,0.7625,0.06320033749602771,x1*x2,0.37273946250756396,E SEEF unconditioned,42,0.7397260273972602
6239,0.5255474452554745,0.44755244755244755,0.59375,0.06381947499249918,x1*x2,0.47073360578931966,E SEEF unconditioned,42,0.5255474452554745
6399,0.4925373134328358,0.3546099290780142,0.575,0.1463404062491236,x1*x2,0.5259503318920056,E SEEF unconditioned,42,0.4925373134328358
6559,0.4117647058823529,0.366412213740458,0.5,0.11379864374276849,x1*x2,0.5567210958336656,E SEEF unconditioned,42,0.4117647058823529
6719,0.4098360655737705,0.3875968992248062,0.55,0.08617238125054882,x1*x2,0.5105544563061847,E SEEF unconditioned,42,0.4098360655737705
6879,0.4316546762589928,0.3333333333333333,0.50625,0.13355229375235922,x1*x2,0.5122838829027818,E SEEF unconditioned,42,0.4316546762589928
7039,0.48175182481751827,0.3875968992248062,0.55625,0.0491004437563447,x1*x2,0.5001472788798097,E SEEF unconditioned,42,0.48175182481751827
7199,0.4426229508196721,0.453125,0.575,0.07587123124750406,x1*x2,0.47573131680242187,E SEEF unconditioned,42,0.4426229508196721
7359,0.4861111111111111,0.3916083916083916,0.5375,0.05299751249907558,x1*x2,0.4952907041678646,E SEEF unconditioned,42,0.4861111111111111
7519,0.9827586206896551,0.4,0.9875,0.11699641249265369,x1²,0.14995574084144053,E SEEF unconditioned,42,0.9827586206896551
7679,0.968421052631579,0.384,0.98125,0.07008191876280989,x1²,0.09568067559937472,E SEEF unconditioned,42,0.968421052631579
7839,0.9830508474576272,0.46715328467153283,0.9875,0.047122424997780854,x1²,0.05899369739454215,E SEEF unconditioned,42,0.9830508474576272
7999,0.9523809523809523,0.37410071942446044,0.96875,0.07577724375238404,x1²,0.05738917205017851,E SEEF unconditioned,42,0.9523809523809523
8159,0.9454545454545454,0.5147058823529411,0.9625,0.05590768749783592,x1²,0.04641470104718797,E SEEF unconditioned,42,0.9454545454545454
8319,0.9777777777777777,0.4090909090909091,0.9875,0.07776390000486799,x1²,0.04816619853717113,E SEEF unconditioned,42,0.9777777777777777
8479,0.9915966386554622,0.45588235294117646,0.99375,0.029105912480531515,x1²,0.05218151001988379,E SEEF unconditioned,42,0.9915966386554622
8639,1.0,0.4142857142857143,1.0,0.048247625004194106,x1²,0.026260707881616645,E SEEF unconditioned,42,1.0
8799,0.9702970297029703,0.45161290322580644,0.98125,0.05359138124134688,x1²,0.06224285926984453,E SEEF unconditioned,42,0.9702970297029703
8959,0.9702970297029703,0.4186046511627907,0.98125,0.07870622500689706,x1²,0.0412878168395821,E SEEF unconditioned,42,0.9702970297029703
9119,0.5203252032520326,0.6586826347305389,0.63125,0.09705527500045719,x1²,0.53039201729266,E SEEF unconditioned,42,0.5203252032520326
9279,0.35036496350364965,0.569620253164557,0.44375,0.0960611374850373,x1²,0.5303997041659271,E SEEF unconditioned,42,0.35036496350364965
9439,0.3247863247863248,0.6111111111111112,0.50625,0.08051904374468677,x1²,0.4662577258387231,E SEEF unconditioned,42,0.3247863247863248
9599,0.37410071942446044,0.5578231292517006,0.45625,0.03227011874997743,x1²,0.4674216647531943,E SEEF unconditioned,42,0.37410071942446044
9759,0.42962962962962964,0.5526315789473685,0.51875,0.1717175625060463,x1²,0.4655556040818107,E SEEF unconditioned,42,0.42962962962962964
9919,0.53125,0.4444444444444444,0.625,0.05892140624297326,x1²,0.4981668751015744,E SEEF unconditioned,42,0.53125
10079,0.4233576642335766,0.6,0.50625,0.11880538750688174,x1²,0.479369062269604,E SEEF unconditioned,42,0.4233576642335766
10239,0.9570552147239264,0.6153846153846154,0.95625,0.045223406266359234,x1*x2,0.15900438634424593,E SEEF unconditioned,42,0.9570552147239264
10399,0.9565217391304348,0.5575757575757576,0.95625,0.0660880187552948,x1*x2,0.09514782617231571,E SEEF unconditioned,42,0.9565217391304348
10559,0.9736842105263158,0.47297297297297297,0.975,0.05167015623470661,x1*x2,0.05119925983727852,E SEEF unconditioned,42,0.9736842105263158
10719,0.9772727272727273,0.5964912280701754,0.975,0.03850073126301368,x1*x2,0.03201333707993484,E SEEF unconditioned,42,0.9772727272727273
10879,0.935064935064935,0.6666666666666666,0.9375,0.0701971937544954,x1*x2,0.0861307369611876,E SEEF unconditioned,42,0.935064935064935
11039,0.9349112426035503,0.6352941176470588,0.93125,0.06072682500217752,x1*x2,0.05449366899988946,E SEEF unconditioned,42,0.9349112426035503
11199,0.9433962264150944,0.6463414634146342,0.94375,0.12962273749508313,x1*x2,0.04697395642960078,E SEEF unconditioned,42,0.9433962264150944
11359,0.9497206703910615,0.6593406593406593,0.94375,0.07577334998956076,x1*x2,0.05107366421882108,E SEEF unconditioned,42,0.9497206703910615
11519,0.9651162790697675,0.573170731707317,0.9625,0.05239441249784704,x1*x2,0.05344288090919523,E SEEF unconditioned,42,0.9651162790697675
11679,0.9693251533742331,0.5562913907284768,0.96875,0.12369308750663777,x1*x2,0.04841943556077133,E SEEF unconditioned,42,0.9693251533742331
11839,0.9491525423728814,0.6242038216560509,0.94375,0.12539221875158546,x1*x2,0.04990950987915984,E SEEF unconditioned,42,0.9491525423728814
11999,0.9419354838709677,0.5394736842105263,0.94375,0.08571015000455873,x1*x2,0.05047111223663547,E SEEF unconditioned,42,0.9419354838709677
12159,0.5906040268456376,0.9219858156028369,0.61875,0.05924752500447994,x1*x2,0.5378285545641376,E SEEF unconditioned,42,0.5906040268456376
12319,0.5228758169934641,0.9876543209876543,0.54375,0.07274024375050203,x1*x2,0.5247999309462373,E SEEF unconditioned,42,0.5228758169934641
12479,0.5548387096774193,0.9512195121951219,0.56875,0.03405654374404321,x1*x2,0.47666634977055317,E SEEF unconditioned,42,0.5548387096774193
12639,0.573170731707317,0.975,0.5625,0.10433738749071608,x1*x2,0.5138860096511366,E SEEF unconditioned,42,0.573170731707317
12799,0.5492957746478874,0.9645390070921985,0.6,0.13227646874014454,x1*x2,0.490447200085399,E SEEF unconditioned,42,0.5492957746478874
12959,0.6900584795321637,0.9710982658959537,0.66875,0.14674448749900648,x1*x2,0.3946867528293034,E SEEF unconditioned,42,0.6900584795321637
13119,0.6233766233766234,0.9512195121951219,0.6375,0.10165165626006001,x1*x2,0.47919865404751266,E SEEF unconditioned,42,0.6233766233766234
13279,0.6432748538011696,0.9937888198757764,0.61875,0.08085122498613373,x1*x2,0.47736703850269124,E SEEF unconditioned,42,0.6432748538011696
13439,0.6163522012578616,0.974025974025974,0.61875,0.11718686874928608,x1*x2,0.43550007155838794,E SEEF unconditioned,42,0.6163522012578616
13599,0.9857142857142858,0.9857142857142858,0.9875,0.008890412495077271,identity,0.13696775772012243,E SEEF unconditioned,42,0.9857142857142858
13759,0.9459459459459459,0.9459459459459459,0.95,0.026664875007043065,identity,0.07505803165114644,E SEEF unconditioned,42,0.9459459459459459
13919,0.9761904761904762,0.9761904761904762,0.975,0.02043369374575832,identity,0.03459810367749186,E SEEF unconditioned,42,0.9761904761904762
159,0.9473684210526315,0.9473684210526315,0.95625,0.10432725625548755,identity,0.0,A Static,7,0.9473684210526315
319,0.9777777777777777,0.9777777777777777,0.975,0.07591094374248541,identity,0.03418902122649041,A Static,7,0.9777777777777777
479,0.9700598802395209,0.9700598802395209,0.96875,0.042435912511962215,identity,0.056780460646543254,A Static,7,0.9700598802395209
639,0.9668874172185431,0.9668874172185431,0.96875,0.04563325625071002,identity,0.05389124335554985,A Static,7,0.9668874172185431
799,0.9841269841269841,0.9841269841269841,0.98125,0.014415443759219215,identity,0.025553466418770703,A Static,7,0.9841269841269841
959,0.974025974025974,0.974025974025974,0.975,0.03908686249900484,identity,0.05049231376559294,A Static,7,0.974025974025974
1119,0.9693251533742331,0.9693251533742331,0.96875,0.009984256256245772,identity,0.07143496281543874,A Static,7,0.9693251533742331
1279,0.9808917197452229,0.9808917197452229,0.98125,0.012133287496851608,identity,0.06623493766116727,A Static,7,0.9808917197452229
1439,0.9746835443037974,0.9746835443037974,0.975,0.054233212493670635,identity,0.058637743317099124,A Static,7,0.9746835443037974
1599,0.9506172839506173,0.9506172839506173,0.95,0.08703003750127891,identity,0.08870195296540002,A Static,7,0.9506172839506173
1759,0.961038961038961,0.961038961038961,0.9625,0.06984638749401029,identity,0.04715282570044966,A Static,7,0.961038961038961
1919,0.9722222222222222,0.9722222222222222,0.975,0.042699775015364594,identity,0.0494303938074053,A Static,7,0.9722222222222222
2079,0.9620253164556962,0.9620253164556962,0.9625,0.024747193741347928,identity,0.06261854254006441,A Static,7,0.9620253164556962
2239,0.9411764705882353,0.9411764705882353,0.94375,0.010144900006991975,identity,0.06423278991824316,A Static,7,0.9411764705882353
2399,0.9886363636363636,0.9886363636363636,0.9875,0.035264743767982054,identity,0.03126968221077852,A Static,7,0.9886363636363636
2559,0.9859154929577465,0.9859154929577465,0.9875,0.009886481248599921,identity,0.023236513285382197,A Static,7,0.9859154929577465
2719,0.9685534591194969,0.9685534591194969,0.96875,0.015542093751719221,identity,0.06601211268599957,A Static,7,0.9685534591194969
2879,0.987012987012987,0.987012987012987,0.9875,0.025574787510151964,identity,0.05334976555081029,A Static,7,0.987012987012987
3039,0.8552631578947368,0.8552631578947368,0.8625,0.04663195000205178,identity,0.2643540306476394,A Static,7,0.8552631578947368
3199,0.6298342541436464,0.6298342541436464,0.58125,0.011851043743149603,identity,0.5222680788514341,A Static,7,0.6298342541436464
3359,0.5806451612903226,0.5806451612903226,0.59375,0.01187133124886941,identity,0.48532941737241003,A Static,7,0.5806451612903226
3519,0.6538461538461539,0.6538461538461539,0.6625,0.009980231246231597,identity,0.5170203927426903,A Static,7,0.6538461538461539
3679,0.6025641025641025,0.6025641025641025,0.6125,0.10652938123882905,identity,0.46911307262910845,A Static,7,0.6025641025641025
3839,0.5443037974683544,0.5443037974683544,0.55,0.009623281260928707,identity,0.5333731423668087,A Static,7,0.5443037974683544
3999,0.5769230769230769,0.5769230769230769,0.5875,0.06932098749672377,identity,0.4834525481398208,A Static,7,0.5769230769230769
4159,0.6588235294117647,0.6588235294117647,0.6375,0.03977445625054088,identity,0.4647172503276882,A Static,7,0.6588235294117647
4319,0.6193548387096774,0.6193548387096774,0.63125,0.04215293126179631,identity,0.5427911117310096,A Static,7,0.6193548387096774
4479,0.5620915032679739,0.5620915032679739,0.58125,0.030548162499144382,identity,0.5032170427150413,A Static,7,0.5620915032679739
4639,0.620253164556962,0.620253164556962,0.625,0.031195131245453922,identity,0.4813087497926201,A Static,7,0.620253164556962
4799,0.5764705882352941,0.5764705882352941,0.55,0.034843368750614445,identity,0.5148328301586726,A Static,7,0.5764705882352941
4959,0.6211180124223602,0.6211180124223602,0.61875,0.035364631251866285,identity,0.45940715621529477,A Static,7,0.6211180124223602
5119,0.5562130177514792,0.5562130177514792,0.53125,0.027259831240655785,identity,0.49098292094445417,A Static,7,0.5562130177514792
5279,0.593939393939394,0.593939393939394,0.58125,0.05190721249732633,identity,0.5019652323227114,A Static,7,0.593939393939394
5439,0.6341463414634146,0.6341463414634146,0.625,0.037371062519753195,identity,0.4827153866143725,A Static,7,0.6341463414634146
5599,0.5911949685534591,0.5911949685534591,0.59375,0.08459892500525257,identity,0.47120353358105543,A Static,7,0.5911949685534591
5759,0.5751633986928104,0.5751633986928104,0.59375,0.034017231256200375,identity,0.4819652105240233,A Static,7,0.5751633986928104
5919,0.5853658536585366,0.5853658536585366,0.575,0.037094356240174875,identity,0.4849449297528223,A Static,7,0.5853658536585366
6079,0.5256410256410257,0.5256410256410257,0.5375,0.0337839249937133,identity,0.5132251748885192,A Static,7,0.5256410256410257
6239,0.3252032520325203,0.3252032520325203,0.48125,0.020575131250666345,identity,0.5577205654034925,A Static,7,0.3252032520325203
6399,0.46511627906976744,0.46511627906976744,0.56875,0.02183266251591931,identity,0.47983442694236766,A Static,7,0.46511627906976744
6559,0.4122137404580153,0.4122137404580153,0.51875,0.012857006248623293,identity,0.5022234692294403,A Static,7,0.4122137404580153
6719,0.4186046511627907,0.4186046511627907,0.53125,0.03441915627035996,identity,0.4918989999838391,A Static,7,0.4186046511627907
6879,0.47058823529411764,0.47058823529411764,0.49375,0.0559703687585511,identity,0.5098021727194453,A Static,7,0.47058823529411764
7039,0.4375,0.4375,0.55,0.021428706254766894,identity,0.4821796810118087,A Static,7,0.4375
7199,0.4166666666666667,0.4166666666666667,0.5625,0.016327875007959847,identity,0.5353091776312112,A Static,7,0.4166666666666667
7359,0.45714285714285713,0.45714285714285713,0.525,0.06263003125894784,identity,0.47768902999880414,A Static,7,0.45714285714285713
7519,0.3916083916083916,0.3916083916083916,0.45625,0.013749462492285147,identity,0.5423847439874191,A Static,7,0.3916083916083916
7679,0.4251968503937008,0.4251968503937008,0.54375,0.02798548748756957,identity,0.4752014424309742,A Static,7,0.4251968503937008
7839,0.3865546218487395,0.3865546218487395,0.54375,0.046511275004945674,identity,0.5004023574155428,A Static,7,0.3865546218487395
7999,0.48,0.48,0.59375,0.017633900003488634,identity,0.47218142422025267,A Static,7,0.48
8159,0.4927536231884058,0.4927536231884058,0.5625,0.0678957874953312,identity,0.49812449860310737,A Static,7,0.4927536231884058
8319,0.43537414965986393,0.43537414965986393,0.48125,0.03896892499426485,identity,0.49092984955804714,A Static,7,0.43537414965986393
8479,0.43283582089552236,0.43283582089552236,0.525,0.04266947500468632,identity,0.516003179697126,A Static,7,0.43283582089552236
8639,0.4094488188976378,0.4094488188976378,0.53125,0.017945699995891573,identity,0.5014548012480922,A Static,7,0.4094488188976378
8799,0.3442622950819672,0.3442622950819672,0.5,0.029829256253322,identity,0.4881746074812423,A Static,7,0.3442622950819672
8959,0.2905982905982906,0.2905982905982906,0.48125,0.03505910000285439,identity,0.5595093027395472,A Static,7,0.2905982905982906
9119,0.5641025641025641,0.5641025641025641,0.575,0.039634212490113896,identity,0.4817250516498694,A Static,7,0.5641025641025641
9279,0.589041095890411,0.589041095890411,0.625,0.05970398749752803,identity,0.48668343769562294,A Static,7,0.589041095890411
9439,0.6470588235294118,0.6470588235294118,0.625,0.04398204999063182,identity,0.5142999514630531,A Static,7,0.6470588235294118
9599,0.6309523809523809,0.6309523809523809,0.6125,0.07131680000327378,identity,0.47487281592431574,A Static,7,0.6309523809523809
9759,0.6419753086419753,0.6419753086419753,0.6375,0.01114866250304658,identity,0.5035447460587112,A Static,7,0.6419753086419753
9919,0.7065868263473054,0.7065868263473054,0.69375,0.026359118749041954,identity,0.48017416072657215,A Static,7,0.7065868263473054
10079,0.5365853658536586,0.5365853658536586,0.525,0.031269237508979586,identity,0.48400317200070564,A Static,7,0.5365853658536586
10239,0.5,0.5,0.55,0.0337122687440683,identity,0.49462078122389264,A Static,7,0.5
10399,0.6578947368421053,0.6578947368421053,0.675,0.019265537505930297,identity,0.5005585539803541,A Static,7,0.6578947368421053
10559,0.6242038216560509,0.6242038216560509,0.63125,0.050999875000456996,identity,0.4848634667531247,A Static,7,0.6242038216560509
10719,0.5503355704697986,0.5503355704697986,0.58125,0.022231012502516023,identity,0.4836125347423661,A Static,7,0.5503355704697986
10879,0.6424242424242425,0.6424242424242425,0.63125,0.026928368747292097,identity,0.47208802291286245,A Static,7,0.6424242424242425
11039,0.5655172413793104,0.5655172413793104,0.60625,0.017230543743096405,identity,0.5330488634694502,A Static,7,0.5655172413793104
11199,0.6588235294117647,0.6588235294117647,0.6375,0.009929668756569754,identity,0.49299897064168463,A Static,7,0.6588235294117647
11359,0.6242038216560509,0.6242038216560509,0.63125,0.019865043748268363,identity,0.4748042860894767,A Static,7,0.6242038216560509
11519,0.6467065868263473,0.6467065868263473,0.63125,0.027450612500956595,identity,0.47176645397305506,A Static,7,0.6467065868263473
11679,0.6477272727272727,0.6477272727272727,0.6125,0.04664003750036727,identity,0.48406156264144273,A Static,7,0.6477272727272727
11839,0.588957055214724,0.588957055214724,0.58125,0.07014457500247318,identity,0.522071342222322,A Static,7,0.588957055214724
11999,0.6296296296296297,0.6296296296296297,0.625,0.07965301875287878,identity,0.4790119987859213,A Static,7,0.6296296296296297
12159,0.9629629629629629,0.9629629629629629,0.9625,0.03066397500504081,identity,0.1381804929124034,A Static,7,0.9629629629629629
12319,0.975,0.975,0.975,0.048575525005389864,identity,0.04406079133850899,A Static,7,0.975
12479,0.975609756097561,0.975609756097561,0.975,0.0543399687416013,identity,0.03899580547152563,A Static,7,0.975609756097561
12639,0.9733333333333334,0.9733333333333334,0.975,0.06694735624819259,identity,0.06064858960854329,A Static,7,0.9733333333333334
12799,0.9937106918238994,0.9937106918238994,0.99375,0.06582457500030614,identity,0.041604947474977186,A Static,7,0.9937106918238994
12959,0.95,0.95,0.95,0.04072269375114956,identity,0.09254973809931885,A Static,7,0.95
13119,0.9349112426035503,0.9349112426035503,0.93125,0.03048703749897186,identity,0.0492938495695567,A Static,7,0.9349112426035503
13279,0.96045197740113,0.96045197740113,0.95625,0.07621931249985892,identity,0.03675199147221995,A Static,7,0.96045197740113
13439,0.9659863945578231,0.9659863945578231,0.96875,0.06493835624894473,identity,0.030877392604404447,A Static,7,0.9659863945578231
13599,0.9937106918238994,0.9937106918238994,0.99375,0.03453821248342592,identity,0.032388727106061575,A Static,7,0.9937106918238994
13759,0.9681528662420382,0.9681528662420382,0.96875,0.016617662492990348,identity,0.05205545360113434,A Static,7,0.9681528662420382
13919,0.9570552147239264,0.9570552147239264,0.95625,0.010945481247404132,identity,0.06178888525815926,A Static,7,0.9570552147239264
159,0.9473684210526315,0.9473684210526315,0.95625,0.49938834374358976,identity,0.0,B Retraining,7,0.9473684210526315
319,0.9777777777777777,0.9777777777777777,0.975,0.014143925002940705,identity,0.03418902122649041,B Retraining,7,0.9777777777777777
479,0.9700598802395209,0.9700598802395209,0.96875,0.036841181244540167,identity,0.056780460646543254,B Retraining,7,0.9700598802395209
639,0.9668874172185431,0.9668874172185431,0.96875,0.056735131241225645,identity,0.05389124335554985,B Retraining,7,0.9668874172185431
799,0.9841269841269841,0.9841269841269841,0.98125,0.04363560623801277,identity,0.025553466418770703,B Retraining,7,0.9841269841269841
959,0.974025974025974,0.974025974025974,0.975,0.028240731253958984,identity,0.05049231376559294,B Retraining,7,0.974025974025974
1119,0.9693251533742331,0.9693251533742331,0.96875,0.04978631875616202,identity,0.07143496281543874,B Retraining,7,0.9693251533742331
1279,0.9808917197452229,0.9808917197452229,0.98125,0.04062336250711951,identity,0.06623493766116727,B Retraining,7,0.9808917197452229
1439,0.9746835443037974,0.9746835443037974,0.975,0.02520886874322059,identity,0.058637743317099124,B Retraining,7,0.9746835443037974
1599,0.9506172839506173,0.9506172839506173,0.95,0.08388621249650896,identity,0.08870195296540002,B Retraining,7,0.9506172839506173
1759,0.961038961038961,0.961038961038961,0.9625,0.03328276874867697,identity,0.04715282570044966,B Retraining,7,0.961038961038961
1919,0.9722222222222222,0.9722222222222222,0.975,0.04747739375545734,identity,0.0494303938074053,B Retraining,7,0.9722222222222222
2079,0.9620253164556962,0.9620253164556962,0.9625,0.034600912506732584,identity,0.06261854254006441,B Retraining,7,0.9620253164556962
2239,0.9411764705882353,0.9411764705882353,0.94375,0.04110242499564265,identity,0.06423278991824316,B Retraining,7,0.9411764705882353
2399,0.9886363636363636,0.9886363636363636,0.9875,0.07858869999211038,identity,0.03126968221077852,B Retraining,7,0.9886363636363636
2559,0.9859154929577465,0.9859154929577465,0.9875,0.05649513749261814,identity,0.023236513285382197,B Retraining,7,0.9859154929577465
2719,0.9685534591194969,0.9685534591194969,0.96875,0.010759031238194439,identity,0.06601211268599957,B Retraining,7,0.9685534591194969
2879,0.987012987012987,0.987012987012987,0.9875,0.01984293749472954,identity,0.05334976555081029,B Retraining,7,0.987012987012987
3039,0.8552631578947368,0.8552631578947368,0.8625,0.05094359375021895,identity,0.2643540306476394,B Retraining,7,0.8552631578947368
3199,0.6298342541436464,0.6298342541436464,0.58125,0.08284576875752236,identity,0.5222680788514341,B Retraining,7,0.6298342541436464
3359,0.5806451612903226,0.5806451612903226,0.59375,0.06257791250163791,identity,0.48532941737241003,B Retraining,7,0.5806451612903226
3519,0.6187050359712231,0.6538461538461539,0.66875,0.010013275000630983,identity,0.15782417410243296,B Retraining,7,0.6187050359712231
3679,0.7080745341614907,0.6025641025641025,0.70625,0.0229818749986066,identity,0.1180872904361763,B Retraining,7,0.7080745341614907
3839,0.6956521739130435,0.5443037974683544,0.69375,0.03440426875158664,identity,0.04569543407734603,B Retraining,7,0.6956521739130435
3999,0.6573426573426573,0.5769230769230769,0.69375,0.044706231255986495,identity,0.03711205872960035,B Retraining,7,0.6573426573426573
4159,0.6540880503144654,0.6588235294117647,0.65625,0.18984876875549617,identity,0.07938626839643055,B Retraining,7,0.6540880503144654
4319,0.675,0.6193548387096774,0.675,0.04785184999178682,identity,0.046211638561674206,B Retraining,7,0.675
4479,0.6710526315789473,0.5620915032679739,0.6875,0.03715910624322305,identity,0.07513126092933223,B Retraining,7,0.6710526315789473
4639,0.7006369426751592,0.620253164556962,0.70625,0.01827292499996247,identity,0.03755878385757803,B Retraining,7,0.7006369426751592
4799,0.6463414634146342,0.5764705882352941,0.6375,0.01205991250117222,identity,0.1118723113104766,B Retraining,7,0.6463414634146342
4959,0.6666666666666666,0.6211180124223602,0.675,0.018277043749037603,identity,0.08106148720011674,B Retraining,7,0.6666666666666666
5119,0.6357615894039735,0.5562130177514792,0.65625,0.03156205625742814,identity,0.11582533340651197,B Retraining,7,0.6357615894039735
5279,0.6442953020134228,0.593939393939394,0.66875,0.046111218743760674,identity,0.06367513314017831,B Retraining,7,0.6442953020134228
5439,0.6625,0.6341463414634146,0.6625,0.012521681257737782,identity,0.07370013208870399,B Retraining,7,0.6625
5599,0.6794871794871795,0.5911949685534591,0.6875,0.01022139374526887,identity,0.039644674845989346,B Retraining,7,0.6794871794871795
5759,0.7272727272727273,0.5751633986928104,0.7375,0.050412525011722664,identity,0.07583544249613877,B Retraining,7,0.7272727272727273
5919,0.7407407407407407,0.5853658536585366,0.7375,0.03206597499172403,identity,0.03644144651030619,B Retraining,7,0.7407407407407407
6079,0.6577181208053692,0.5256410256410257,0.68125,0.05408215000528571,identity,0.13497115955810388,B Retraining,7,0.6577181208053692
6239,0.4918032786885246,0.3252032520325203,0.6125,0.06482949374913005,identity,0.22024891724220486,B Retraining,7,0.4918032786885246
6399,0.49122807017543857,0.46511627906976744,0.6375,0.03289485000834702,identity,0.16826514170870976,B Retraining,7,0.49122807017543857
6559,0.45,0.4122137404580153,0.5875,0.04978340625001465,identity,0.2700873620029107,B Retraining,7,0.45
6719,0.46511627906976744,0.4186046511627907,0.56875,0.02854181874454298,identity,0.23672567123494018,B Retraining,7,0.46511627906976744
6879,0.5342465753424658,0.47058823529411764,0.575,0.041406093743034944,identity,0.3048358023568578,B Retraining,7,0.5342465753424658
7039,0.4462809917355372,0.4375,0.58125,0.015122137499190558,identity,0.2246364118685963,B Retraining,7,0.4462809917355372
7199,0.5046728971962616,0.4166666666666667,0.66875,0.06663006249709724,identity,0.16110242115479104,B Retraining,7,0.5046728971962616
7359,0.460431654676259,0.45714285714285713,0.53125,0.009596712503423532,identity,0.3173669550784788,B Retraining,7,0.460431654676259
7519,0.49206349206349204,0.3916083916083916,0.6,0.04560679375202881,identity,0.1994486119017309,B Retraining,7,0.49206349206349204
7679,0.5413533834586466,0.4251968503937008,0.61875,0.02694443749930997,identity,0.18739135209460156,B Retraining,7,0.5413533834586466
7839,0.43478260869565216,0.3865546218487395,0.59375,0.00991054375560907,identity,0.21228013419952374,B Retraining,7,0.43478260869565216
7999,0.5391304347826087,0.48,0.66875,0.04126413127067963,identity,0.14346059853420357,B Retraining,7,0.5391304347826087
8159,0.608,0.4927536231884058,0.69375,0.039748449992771384,identity,0.1282949487103231,B Retraining,7,0.608
8319,0.49230769230769234,0.43537414965986393,0.5875,0.03173431874472499,identity,0.1692032879929357,B Retraining,7,0.49230769230769234
8479,0.49612403100775193,0.43283582089552236,0.59375,0.013632743748814846,identity,0.20787818148857218,B Retraining,7,0.49612403100775193
8639,0.4576271186440678,0.4094488188976378,0.6,0.04878733750075526,identity,0.14644270408407054,B Retraining,7,0.4576271186440678
8799,0.5081967213114754,0.3442622950819672,0.625,0.045164831246324866,identity,0.14262722476688175,B Retraining,7,0.5081967213114754
8959,0.4915254237288136,0.2905982905982906,0.625,0.03132296250356603,identity,0.1654967230099285,B Retraining,7,0.4915254237288136
9119,0.6621621621621622,0.5641025641025641,0.6875,0.012037443742940468,identity,0.15173793559460963,B Retraining,7,0.6621621621621622
9279,0.6394557823129252,0.589041095890411,0.66875,0.05392417500331703,identity,0.15108113693181596,B Retraining,7,0.6394557823129252
9439,0.5972222222222222,0.6470588235294118,0.6375,0.043166543761685716,identity,0.19003510478822214,B Retraining,7,0.5972222222222222
9599,0.6274509803921569,0.6309523809523809,0.64375,0.09591746874946239,identity,0.2279358342327415,B Retraining,7,0.6274509803921569
9759,0.6845637583892618,0.6419753086419753,0.70625,0.033874131246136585,identity,0.11220986185820989,B Retraining,7,0.6845637583892618
9919,0.7283950617283951,0.7065868263473054,0.725,0.02516886875412183,identity,0.09296348390280572,B Retraining,7,0.7283950617283951
10079,0.6962025316455697,0.5365853658536586,0.7,0.01378819375617013,identity,0.07026577713980318,B Retraining,7,0.6962025316455697
10239,0.6808510638297872,0.5,0.71875,0.030975406252764515,identity,0.07027710759773487,B Retraining,7,0.6808510638297872
10399,0.7225806451612903,0.6578947368421053,0.73125,0.04740602499708757,identity,0.0408721484254755,B Retraining,7,0.7225806451612903
10559,0.7468354430379747,0.6242038216560509,0.75,0.023415781249980228,identity,0.039464417148678266,B Retraining,7,0.7468354430379747
10719,0.6351351351351351,0.5503355704697986,0.6625,0.04582074375321099,identity,0.1277595562007816,B Retraining,7,0.6351351351351351
10879,0.6301369863013698,0.6424242424242425,0.6625,0.010947812501171938,identity,0.09457728811998259,B Retraining,7,0.6301369863013698
11039,0.7662337662337663,0.5655172413793104,0.775,0.06417697500040731,identity,0.053931169528526585,B Retraining,7,0.7662337662337663
11199,0.7160493827160493,0.6588235294117647,0.7125,0.04490167500392772,identity,0.11038405295495993,B Retraining,7,0.7160493827160493
11359,0.64,0.6242038216560509,0.6625,0.05178312500220272,identity,0.15566371114139554,B Retraining,7,0.64
11519,0.7439024390243902,0.6467065868263473,0.7375,0.02016228749681659,identity,0.04401106008314348,B Retraining,7,0.7439024390243902
11679,0.6708860759493671,0.6477272727272727,0.675,0.044443725001031,identity,0.10673730805656872,B Retraining,7,0.6708860759493671
11839,0.7085714285714285,0.588957055214724,0.68125,0.03864159375410736,identity,0.041386964629069344,B Retraining,7,0.7085714285714285
11999,0.7142857142857143,0.6296296296296297,0.725,0.01834896248738005,identity,0.04427558995251964,B Retraining,7,0.7142857142857143
12159,0.5769230769230769,0.9629629629629629,0.5875,0.013651887499577242,identity,0.3198395270422187,B Retraining,7,0.5769230769230769
12319,0.6242038216560509,0.975,0.63125,0.035099581248232425,identity,0.2270513826252616,B Retraining,7,0.6242038216560509
12479,0.6211180124223602,0.975609756097561,0.61875,0.01409355623849251,identity,0.25287394242187516,B Retraining,7,0.6211180124223602
12639,0.589041095890411,0.9733333333333334,0.625,0.01014549998927805,identity,0.23175021192012193,B Retraining,7,0.589041095890411
12799,0.6535947712418301,0.9937106918238994,0.66875,0.024352668742722017,identity,0.1971078209267945,B Retraining,7,0.6535947712418301
12959,0.620253164556962,0.95,0.625,0.026381975004596825,identity,0.25666142966115707,B Retraining,7,0.620253164556962
13119,0.6086956521739131,0.9349112426035503,0.60625,0.05680491873505389,identity,0.31143696712736924,B Retraining,7,0.6086956521739131
13279,0.5962732919254659,0.96045197740113,0.59375,0.0498489687359438,identity,0.28364012676053163,B Retraining,7,0.5962732919254659
13439,0.9594594594594594,0.9659863945578231,0.9625,0.09148915000594116,identity,0.18975751952080244,B Retraining,7,0.9594594594594594
13599,0.9815950920245399,0.9937106918238994,0.98125,0.08114732499961974,identity,0.11649060849724024,B Retraining,7,0.9815950920245399
13759,0.9876543209876543,0.9681528662420382,0.9875,0.024038443754648142,identity,0.02989023628559213,B Retraining,7,0.9876543209876543
13919,0.9575757575757575,0.9570552147239264,0.95625,0.01994520000465627,identity,0.07886883742139542,B Retraining,7,0.9575757575757575
159,0.9473684210526315,0.9473684210526315,0.95625,0.46898361875093997,identity,0.0,C SEEF without EAM,7,0.9473684210526315
319,0.9777777777777777,0.9777777777777777,0.975,0.04664867500281389,identity,0.03418902122649041,C SEEF without EAM,7,0.9777777777777777
479,0.9700598802395209,0.9700598802395209,0.96875,0.01563942500695248,identity,0.056780460646543254,C SEEF without EAM,7,0.9700598802395209
639,0.9668874172185431,0.9668874172185431,0.96875,0.015851950001888326,identity,0.05389124335554985,C SEEF without EAM,7,0.9668874172185431
799,0.9841269841269841,0.9841269841269841,0.98125,0.025335500001233413,identity,0.025553466418770703,C SEEF without EAM,7,0.9841269841269841
959,0.974025974025974,0.974025974025974,0.975,1.0055380562533855,identity,0.05049231376559294,C SEEF without EAM,7,0.974025974025974
1119,0.9693251533742331,0.9693251533742331,0.96875,0.01571834376221659,identity,0.07143496281543874,C SEEF without EAM,7,0.9693251533742331
1279,0.9808917197452229,0.9808917197452229,0.98125,0.1816340562513119,identity,0.06623493766116727,C SEEF without EAM,7,0.9808917197452229
1439,0.9746835443037974,0.9746835443037974,0.975,0.009249237497499507,identity,0.058637743317099124,C SEEF without EAM,7,0.9746835443037974
1599,0.9506172839506173,0.9506172839506173,0.95,0.12486521874564005,identity,0.08870195296540002,C SEEF without EAM,7,0.9506172839506173
1759,0.961038961038961,0.961038961038961,0.9625,0.04836236249587955,identity,0.04715282570044966,C SEEF without EAM,7,0.961038961038961
1919,0.9722222222222222,0.9722222222222222,0.975,0.023610937503804053,identity,0.0494303938074053,C SEEF without EAM,7,0.9722222222222222
2079,0.9620253164556962,0.9620253164556962,0.9625,0.016353137496594172,identity,0.06261854254006441,C SEEF without EAM,7,0.9620253164556962
2239,0.9411764705882353,0.9411764705882353,0.94375,0.010572243746764798,identity,0.06423278991824316,C SEEF without EAM,7,0.9411764705882353
2399,0.9886363636363636,0.9886363636363636,0.9875,0.05531363750321816,identity,0.03126968221077852,C SEEF without EAM,7,0.9886363636363636
2559,0.9859154929577465,0.9859154929577465,0.9875,0.010604356253907099,identity,0.023236513285382197,C SEEF without EAM,7,0.9859154929577465
2719,0.9685534591194969,0.9685534591194969,0.96875,0.010958818772621726,identity,0.06601211268599957,C SEEF without EAM,7,0.9685534591194969
2879,0.987012987012987,0.987012987012987,0.9875,0.03421584999614424,identity,0.05334976555081029,C SEEF without EAM,7,0.987012987012987
3039,0.8552631578947368,0.8552631578947368,0.8625,0.05740501251665364,identity,0.2643540306476394,C SEEF without EAM,7,0.8552631578947368
3199,0.6298342541436464,0.6298342541436464,0.58125,0.017550862500570474,identity,0.5222680788514341,C SEEF without EAM,7,0.6298342541436464
3359,0.5806451612903226,0.5806451612903226,0.59375,0.032024568750443905,identity,0.48532941737241003,C SEEF without EAM,7,0.5806451612903226
3519,0.6538461538461539,0.6538461538461539,0.6625,0.012427581246754471,identity,0.5170203927426903,C SEEF without EAM,7,0.6538461538461539
3679,0.6025641025641025,0.6025641025641025,0.6125,0.07226764374053118,identity,0.46911307262910845,C SEEF without EAM,7,0.6025641025641025
3839,0.5443037974683544,0.5443037974683544,0.55,0.02127653124119888,identity,0.5333731423668087,C SEEF without EAM,7,0.5443037974683544
3999,0.5769230769230769,0.5769230769230769,0.5875,0.019696543759550877,identity,0.4834525481398208,C SEEF without EAM,7,0.5769230769230769
4159,0.6588235294117647,0.6588235294117647,0.6375,0.09972553126829098,identity,0.4647172503276882,C SEEF without EAM,7,0.6588235294117647
4319,0.6193548387096774,0.6193548387096774,0.63125,0.013133131243137086,identity,0.5427911117310096,C SEEF without EAM,7,0.6193548387096774
4479,0.5620915032679739,0.5620915032679739,0.58125,0.015178406243876452,identity,0.5032170427150413,C SEEF without EAM,7,0.5620915032679739
4639,0.9565217391304348,0.620253164556962,0.95625,0.034068518741037224,x1*x2,0.13400512083828678,C SEEF without EAM,7,0.9565217391304348
4799,0.9502762430939227,0.5764705882352941,0.94375,0.05585586874161663,x1*x2,0.050522748909904075,C SEEF without EAM,7,0.9502762430939227
4959,0.9559748427672956,0.6211180124223602,0.95625,0.06385489374594044,x1*x2,0.031134126912283778,C SEEF without EAM,7,0.9559748427672956
5119,0.9447852760736196,0.5562130177514792,0.94375,0.04593624375957006,x1*x2,0.0647883536234851,C SEEF without EAM,7,0.9447852760736196
5279,0.9090909090909091,0.593939393939394,0.91875,0.09317931875045815,x1*x2,0.07474113589399359,C SEEF without EAM,7,0.9090909090909091
5439,0.9248554913294798,0.6341463414634146,0.91875,0.058804006262391795,x1*x2,0.05160633504341352,C SEEF without EAM,7,0.9248554913294798
5599,0.9506172839506173,0.5911949685534591,0.95,0.05218750624180757,x1*x2,0.032573339790485004,C SEEF without EAM,7,0.9506172839506173
5759,0.9230769230769231,0.5751633986928104,0.925,0.05190723124997021,x1*x2,0.06054039945885812,C SEEF without EAM,7,0.9230769230769231
5919,0.9822485207100592,0.5853658536585366,0.98125,0.06963214999444745,x1*x2,0.04088188225710291,C SEEF without EAM,7,0.9822485207100592
6079,0.8,0.5256410256410257,0.8125,0.08991730626775052,x1*x2,0.32472170915844545,C SEEF without EAM,7,0.8
6239,0.5,0.3252032520325203,0.5875,0.06813326251489116,x1*x2,0.4786148470280896,C SEEF without EAM,7,0.5
6399,0.42735042735042733,0.46511627906976744,0.58125,0.06728381875120704,x1*x2,0.5309907931169285,C SEEF without EAM,7,0.42735042735042733
6559,0.3969465648854962,0.4122137404580153,0.50625,0.03389886874742842,x1*x2,0.5525656270107905,C SEEF without EAM,7,0.3969465648854962
6719,0.38620689655172413,0.4186046511627907,0.44375,0.08641978125467631,x1*x2,0.4897557420196157,C SEEF without EAM,7,0.38620689655172413
6879,0.5103448275862069,0.47058823529411764,0.55625,0.09290074374916912,x1*x2,0.46853332837615286,C SEEF without EAM,7,0.5103448275862069
7039,0.416,0.4375,0.54375,0.0658507312493839,x1*x2,0.5107000867681053,C SEEF without EAM,7,0.416
7199,0.3620689655172414,0.4166666666666667,0.5375,0.048671743749650886,x1*x2,0.4875475004132677,C SEEF without EAM,7,0.3620689655172414
7359,0.3776223776223776,0.45714285714285713,0.44375,0.10545795000069802,x1*x2,0.5385045674921473,C SEEF without EAM,7,0.3776223776223776
7519,0.9541284403669725,0.3916083916083916,0.96875,0.05503964375606074,x1²,0.15217299666570916,C SEEF without EAM,7,0.9541284403669725
7679,0.9672131147540983,0.4251968503937008,0.975,0.25873578749298076,x1²,0.08628174294531148,C SEEF without EAM,7,0.9672131147540983
7839,0.9411764705882353,0.3865546218487395,0.96875,0.0360107874911364,x1²,0.04525723368361267,C SEEF without EAM,7,0.9411764705882353
7999,0.9714285714285714,0.48,0.98125,0.1839485812453745,x1²,0.05420716427852998,C SEEF without EAM,7,0.9714285714285714
8159,0.9464285714285714,0.4927536231884058,0.9625,0.10510404374173277,x1²,0.08702205645105127,C SEEF without EAM,7,0.9464285714285714
8319,0.991304347826087,0.43537414965986393,0.99375,0.07419551874647823,x1²,0.0639617892296581,C SEEF without EAM,7,0.991304347826087
8479,0.9473684210526315,0.43283582089552236,0.9625,0.03746234375086033,x1²,0.07774978384180282,C SEEF without EAM,7,0.9473684210526315
8639,0.98989898989899,0.4094488188976378,0.99375,0.04222836250278306,x1²,0.05773549171726415,C SEEF without EAM,7,0.98989898989899
8799,0.9473684210526315,0.3442622950819672,0.96875,0.06742729374451528,x1²,0.06520666272563005,C SEEF without EAM,7,0.9473684210526315
8959,0.9583333333333334,0.2905982905982906,0.975,0.1263655124887464,x1²,0.045046518642914084,C SEEF without EAM,7,0.9583333333333334
9119,0.5,0.5641025641025641,0.625,0.07089070000318998,x1²,0.5698493348146881,C SEEF without EAM,7,0.5
9279,0.3559322033898305,0.589041095890411,0.525,0.11478562500997214,x1²,0.6022618167339132,C SEEF without EAM,7,0.3559322033898305
9439,0.4,0.6470588235294118,0.5125,0.07026776250711464,x1²,0.5134746630658553,C SEEF without EAM,7,0.4
9599,0.39705882352941174,0.6309523809523809,0.4875,0.10584375624773656,x1²,0.521381470238784,C SEEF without EAM,7,0.39705882352941174
9759,0.4696969696969697,0.6419753086419753,0.5625,0.3260150687523833,x1²,0.5003747112455452,C SEEF without EAM,7,0.4696969696969697
9919,0.42962962962962964,0.7065868263473054,0.51875,0.15764042500592268,x1²,0.5833067487264048,C SEEF without EAM,7,0.42962962962962964
10079,0.45390070921985815,0.5365853658536586,0.51875,0.15944102500498047,x1²,0.5017860706446409,C SEEF without EAM,7,0.45390070921985815
10239,0.45161290322580644,0.5,0.575,0.07165516250182691,x1²,0.5546171489550464,C SEEF without EAM,7,0.45161290322580644
10399,0.4393939393939394,0.6578947368421053,0.5375,0.17303699999757782,x1²,0.5558579079065961,C SEEF without EAM,7,0.4393939393939394
10559,0.9559748427672956,0.6242038216560509,0.95625,0.07811518749463175,x1*x2,0.1377783101907683,C SEEF without EAM,7,0.9559748427672956
10719,0.9605263157894737,0.5503355704697986,0.9625,0.04895231250401366,x1*x2,0.04131114780189071,C SEEF without EAM,7,0.9605263157894737
10879,0.9559748427672956,0.6424242424242425,0.95625,0.054182012506487354,x1*x2,0.06108297815668611,C SEEF without EAM,7,0.9559748427672956
11039,0.9594594594594594,0.5655172413793104,0.9625,0.07536961873739756,x1*x2,0.04809152486879439,C SEEF without EAM,7,0.9594594594594594
11199,0.9717514124293786,0.6588235294117647,0.96875,0.024145631246597077,x1*x2,0.038772138586536206,C SEEF without EAM,7,0.9717514124293786
11359,0.9673202614379085,0.6242038216560509,0.96875,0.12444825626118927,x1*x2,0.05405454732690559,C SEEF without EAM,7,0.9673202614379085
11519,0.9764705882352941,0.6467065868263473,0.975,0.9359056250147546,x1*x2,0.03519752472558601,C SEEF without EAM,7,0.9764705882352941
11679,0.9512195121951219,0.6477272727272727,0.95,0.07325805624844861,x1*x2,0.06289128102062609,C SEEF without EAM,7,0.9512195121951219
11839,0.95,0.588957055214724,0.95,0.09071608124457953,x1*x2,0.03120134544145234,C SEEF without EAM,7,0.95
11999,0.9625,0.6296296296296297,0.9625,0.10320898750109109,x1*x2,0.03215343474331076,C SEEF without EAM,7,0.9625
12159,0.6292134831460674,0.9629629629629629,0.5875,0.14042768749362722,x1*x2,0.5610038756216145,C SEEF without EAM,7,0.6292134831460674
12319,0.618421052631579,0.975,0.6375,0.09005051249886264,x1*x2,0.4907052822556025,C SEEF without EAM,7,0.618421052631579
12479,0.6235294117647059,0.975609756097561,0.6,0.34869721875168125,x1*x2,0.4723963571994491,C SEEF without EAM,7,0.6235294117647059
12639,0.6,0.9733333333333334,0.625,0.07609506875922989,x1*x2,0.4483064923774404,C SEEF without EAM,7,0.6
12799,0.6533333333333333,0.9937106918238994,0.675,0.06742601874236698,x1*x2,0.47256813158258093,C SEEF without EAM,7,0.6533333333333333
12959,0.6075949367088608,0.95,0.6125,0.06283436250384966,x1*x2,0.4756118193404913,C SEEF without EAM,7,0.6075949367088608
13119,0.6181818181818182,0.9349112426035503,0.60625,0.07131474374517666,x1*x2,0.47741437092443656,C SEEF without EAM,7,0.6181818181818182
13279,0.6134969325153374,0.96045197740113,0.60625,0.10467273750407458,x1*x2,0.4763113328679405,C SEEF without EAM,7,0.6134969325153374
13439,0.5897435897435898,0.9659863945578231,0.6,0.07461988124788377,x1*x2,0.46751044068685715,C SEEF without EAM,7,0.5897435897435898
13599,0.9937106918238994,0.9937106918238994,0.99375,0.025445293761094945,identity,0.12507482410315574,C SEEF without EAM,7,0.9937106918238994
13759,0.9681528662420382,0.9681528662420382,0.96875,0.022413374986740564,identity,0.05205545360113434,C SEEF without EAM,7,0.9681528662420382
13919,0.9570552147239264,0.9570552147239264,0.95625,0.024416987508857346,identity,0.06178888525815926,C SEEF without EAM,7,0.9570552147239264
159,0.9473684210526315,0.9473684210526315,0.95625,0.23981635000751567,identity,0.0,D SEEF with EAM,7,0.9473684210526315
319,0.9777777777777777,0.9777777777777777,0.975,0.026759787490959752,identity,0.03418902122649041,D SEEF with EAM,7,0.9777777777777777
479,0.9700598802395209,0.9700598802395209,0.96875,0.045331456249186886,identity,0.056780460646543254,D SEEF with EAM,7,0.9700598802395209
639,0.9668874172185431,0.9668874172185431,0.96875,0.029713825000499128,identity,0.05389124335554985,D SEEF with EAM,7,0.9668874172185431
799,0.9841269841269841,0.9841269841269841,0.98125,0.011615081268701033,identity,0.025553466418770703,D SEEF with EAM,7,0.9841269841269841
959,0.974025974025974,0.974025974025974,0.975,0.01802986250112326,identity,0.05049231376559294,D SEEF with EAM,7,0.974025974025974
1119,0.9693251533742331,0.9693251533742331,0.96875,0.022867581246543978,identity,0.07143496281543874,D SEEF with EAM,7,0.9693251533742331
1279,0.9808917197452229,0.9808917197452229,0.98125,0.042990781250296095,identity,0.06623493766116727,D SEEF with EAM,7,0.9808917197452229
1439,0.9746835443037974,0.9746835443037974,0.975,0.02666620000582043,identity,0.058637743317099124,D SEEF with EAM,7,0.9746835443037974
1599,0.9506172839506173,0.9506172839506173,0.95,0.020097956252129734,identity,0.08870195296540002,D SEEF with EAM,7,0.9506172839506173
1759,0.961038961038961,0.961038961038961,0.9625,0.0097731687446867,identity,0.04715282570044966,D SEEF with EAM,7,0.961038961038961
1919,0.9722222222222222,0.9722222222222222,0.975,0.052292818752164294,identity,0.0494303938074053,D SEEF with EAM,7,0.9722222222222222
2079,0.9620253164556962,0.9620253164556962,0.9625,0.030798893760675128,identity,0.06261854254006441,D SEEF with EAM,7,0.9620253164556962
2239,0.9411764705882353,0.9411764705882353,0.94375,0.011712256257112585,identity,0.06423278991824316,D SEEF with EAM,7,0.9411764705882353
2399,0.9886363636363636,0.9886363636363636,0.9875,0.02205271876363213,identity,0.03126968221077852,D SEEF with EAM,7,0.9886363636363636
2559,0.9859154929577465,0.9859154929577465,0.9875,0.022269243747530254,identity,0.023236513285382197,D SEEF with EAM,7,0.9859154929577465
2719,0.9685534591194969,0.9685534591194969,0.96875,0.012045800001203588,identity,0.06601211268599957,D SEEF with EAM,7,0.9685534591194969
2879,0.987012987012987,0.987012987012987,0.9875,0.0220953374906685,identity,0.05334976555081029,D SEEF with EAM,7,0.987012987012987
3039,0.8552631578947368,0.8552631578947368,0.8625,0.02827398750184784,identity,0.2643540306476394,D SEEF with EAM,7,0.8552631578947368
3199,0.6298342541436464,0.6298342541436464,0.58125,0.009616918750054992,identity,0.5222680788514341,D SEEF with EAM,7,0.6298342541436464
3359,0.5806451612903226,0.5806451612903226,0.59375,0.01940510624365288,identity,0.48532941737241003,D SEEF with EAM,7,0.5806451612903226
3519,0.6538461538461539,0.6538461538461539,0.6625,0.07945023125444095,identity,0.5170203927426903,D SEEF with EAM,7,0.6538461538461539
3679,0.6025641025641025,0.6025641025641025,0.6125,0.035794725006610406,identity,0.46911307262910845,D SEEF with EAM,7,0.6025641025641025
3839,0.5443037974683544,0.5443037974683544,0.55,0.04319505000154322,identity,0.5333731423668087,D SEEF with EAM,7,0.5443037974683544
3999,0.5769230769230769,0.5769230769230769,0.5875,0.034925356236215066,identity,0.4834525481398208,D SEEF with EAM,7,0.5769230769230769
4159,0.6588235294117647,0.6588235294117647,0.6375,0.03276226873367705,identity,0.4647172503276882,D SEEF with EAM,7,0.6588235294117647
4319,0.6193548387096774,0.6193548387096774,0.63125,0.0351913749994992,identity,0.5427911117310096,D SEEF with EAM,7,0.6193548387096774
4479,0.5620915032679739,0.5620915032679739,0.58125,0.03271687498340725,identity,0.5032170427150413,D SEEF with EAM,7,0.5620915032679739
4639,0.9565217391304348,0.620253164556962,0.95625,0.03777646248863675,x1*x2,0.13400512083828678,D SEEF with EAM,7,0.9565217391304348
4799,0.9502762430939227,0.5764705882352941,0.94375,0.15140408750085044,x1*x2,0.050522748909904075,D SEEF with EAM,7,0.9502762430939227
4959,0.9559748427672956,0.6211180124223602,0.95625,0.09705530624728453,x1*x2,0.031134126912283778,D SEEF with EAM,7,0.9559748427672956
5119,0.9447852760736196,0.5562130177514792,0.94375,0.04197748123715428,x1*x2,0.0647883536234851,D SEEF with EAM,7,0.9447852760736196
5279,0.9090909090909091,0.593939393939394,0.91875,0.11888276250289209,x1*x2,0.07474113589399359,D SEEF with EAM,7,0.9090909090909091
5439,0.9248554913294798,0.6341463414634146,0.91875,0.09519581876986649,x1*x2,0.05160633504341352,D SEEF with EAM,7,0.9248554913294798
5599,0.9506172839506173,0.5911949685534591,0.95,0.0954772562536732,x1*x2,0.032573339790485004,D SEEF with EAM,7,0.9506172839506173
5759,0.9230769230769231,0.5751633986928104,0.925,0.07606642500377347,x1*x2,0.06054039945885812,D SEEF with EAM,7,0.9230769230769231
5919,0.9822485207100592,0.5853658536585366,0.98125,0.08383038750423566,x1*x2,0.04088188225710291,D SEEF with EAM,7,0.9822485207100592
6079,0.8,0.5256410256410257,0.8125,0.09829286249782854,x1*x2,0.32472170915844545,D SEEF with EAM,7,0.8
6239,0.5,0.3252032520325203,0.5875,0.088030312497267,x1*x2,0.4786148470280896,D SEEF with EAM,7,0.5
6399,0.42735042735042733,0.46511627906976744,0.58125,0.17107668124793918,x1*x2,0.5309907931169285,D SEEF with EAM,7,0.42735042735042733
6559,0.3969465648854962,0.4122137404580153,0.50625,0.04291162499470147,x1*x2,0.5525656270107905,D SEEF with EAM,7,0.3969465648854962
6719,0.38620689655172413,0.4186046511627907,0.44375,0.14746066249529122,x1*x2,0.4897557420196157,D SEEF with EAM,7,0.38620689655172413
6879,0.5103448275862069,0.47058823529411764,0.55625,0.10164705625186343,x1*x2,0.46853332837615286,D SEEF with EAM,7,0.5103448275862069
7039,0.416,0.4375,0.54375,0.08796319999504476,x1*x2,0.5107000867681053,D SEEF with EAM,7,0.416
7199,0.3620689655172414,0.4166666666666667,0.5375,0.1352381562469418,x1*x2,0.4875475004132677,D SEEF with EAM,7,0.3620689655172414
7359,0.3776223776223776,0.45714285714285713,0.44375,0.12451298126023858,x1*x2,0.5385045674921473,D SEEF with EAM,7,0.3776223776223776
7519,0.9541284403669725,0.3916083916083916,0.96875,0.15573815624634335,x1²,0.15217299666570916,D SEEF with EAM,7,0.9541284403669725
7679,0.9672131147540983,0.4251968503937008,0.975,0.053879081247032445,x1²,0.08628174294531148,D SEEF with EAM,7,0.9672131147540983
7839,0.9411764705882353,0.3865546218487395,0.96875,0.053824156253767796,x1²,0.04525723368361267,D SEEF with EAM,7,0.9411764705882353
7999,0.9714285714285714,0.48,0.98125,0.10477986874946055,x1²,0.05420716427852998,D SEEF with EAM,7,0.9714285714285714
8159,0.9464285714285714,0.4927536231884058,0.9625,0.07309893751141772,x1²,0.08702205645105127,D SEEF with EAM,7,0.9464285714285714
8319,0.991304347826087,0.43537414965986393,0.99375,0.08870946249288636,x1²,0.0639617892296581,D SEEF with EAM,7,0.991304347826087
8479,0.9473684210526315,0.43283582089552236,0.9625,0.09681895624282788,x1²,0.07774978384180282,D SEEF with EAM,7,0.9473684210526315
8639,0.98989898989899,0.4094488188976378,0.99375,0.1276208750027763,x1²,0.05773549171726415,D SEEF with EAM,7,0.98989898989899
8799,0.9473684210526315,0.3442622950819672,0.96875,0.0811905999995588,x1²,0.06520666272563005,D SEEF with EAM,7,0.9473684210526315
8959,0.9583333333333334,0.2905982905982906,0.975,0.11159464374230765,x1²,0.045046518642914084,D SEEF with EAM,7,0.9583333333333334
9119,0.5,0.5641025641025641,0.625,0.050565774994026924,x1²,0.5698493348146881,D SEEF with EAM,7,0.5
9279,0.3559322033898305,0.589041095890411,0.525,0.04379125624467406,x1²,0.6022618167339132,D SEEF with EAM,7,0.3559322033898305
9439,0.4,0.6470588235294118,0.5125,0.046590875003005294,x1²,0.5134746630658553,D SEEF with EAM,7,0.4
9599,0.39705882352941174,0.6309523809523809,0.4875,0.06006699374125901,x1²,0.521381470238784,D SEEF with EAM,7,0.39705882352941174
9759,0.4696969696969697,0.6419753086419753,0.5625,0.06213575624656187,x1²,0.5003747112455452,D SEEF with EAM,7,0.4696969696969697
9919,0.42962962962962964,0.7065868263473054,0.51875,0.029127281257501636,x1²,0.5833067487264048,D SEEF with EAM,7,0.42962962962962964
10079,0.45390070921985815,0.5365853658536586,0.51875,0.027080000003820714,x1²,0.5017860706446409,D SEEF with EAM,7,0.45390070921985815
10239,0.9659863945578231,0.5,0.96875,0.027267881245052195,x1*x2,0.1371451213937307,D SEEF with EAM,7,0.9659863945578231
10399,0.96,0.6578947368421053,0.9625,0.0231945374949305,x1*x2,0.042003975572854076,D SEEF with EAM,7,0.96
10559,0.9559748427672956,0.6242038216560509,0.95625,0.036869231253433554,x1*x2,0.03635147171520959,D SEEF with EAM,7,0.9559748427672956
10719,0.9605263157894737,0.5503355704697986,0.9625,0.02418207499346181,x1*x2,0.04131114780189071,D SEEF with EAM,7,0.9605263157894737
10879,0.9559748427672956,0.6424242424242425,0.95625,0.02694456874792195,x1*x2,0.06108297815668611,D SEEF with EAM,7,0.9559748427672956
11039,0.9594594594594594,0.5655172413793104,0.9625,0.02544913125603898,x1*x2,0.04809152486879439,D SEEF with EAM,7,0.9594594594594594
11199,0.9717514124293786,0.6588235294117647,0.96875,0.02083698750965368,x1*x2,0.038772138586536206,D SEEF with EAM,7,0.9717514124293786
11359,0.9673202614379085,0.6242038216560509,0.96875,0.022714531235124014,x1*x2,0.05405454732690559,D SEEF with EAM,7,0.9673202614379085
11519,0.9764705882352941,0.6467065868263473,0.975,0.03280645625665102,x1*x2,0.03519752472558601,D SEEF with EAM,7,0.9764705882352941
11679,0.9512195121951219,0.6477272727272727,0.95,0.03380690624652516,x1*x2,0.06289128102062609,D SEEF with EAM,7,0.9512195121951219
11839,0.95,0.588957055214724,0.95,0.02494475626519943,x1*x2,0.03120134544145234,D SEEF with EAM,7,0.95
11999,0.9625,0.6296296296296297,0.9625,0.020737275013971157,x1*x2,0.03215343474331076,D SEEF with EAM,7,0.9625
12159,0.6292134831460674,0.9629629629629629,0.5875,0.025693368760926205,x1*x2,0.5610038756216145,D SEEF with EAM,7,0.6292134831460674
12319,0.618421052631579,0.975,0.6375,0.0531357812491251,x1*x2,0.4907052822556025,D SEEF with EAM,7,0.618421052631579
12479,0.6235294117647059,0.975609756097561,0.6,0.023802143759610317,x1*x2,0.4723963571994491,D SEEF with EAM,7,0.6235294117647059
12639,0.6,0.9733333333333334,0.625,0.026501568747505644,x1*x2,0.4483064923774404,D SEEF with EAM,7,0.6
12799,0.6533333333333333,0.9937106918238994,0.675,0.028876518742038115,x1*x2,0.47256813158258093,D SEEF with EAM,7,0.6533333333333333
12959,0.6075949367088608,0.95,0.6125,0.023475431248698442,x1*x2,0.4756118193404913,D SEEF with EAM,7,0.6075949367088608
13119,0.6181818181818182,0.9349112426035503,0.60625,0.02207044375239775,x1*x2,0.47741437092443656,D SEEF with EAM,7,0.6181818181818182
13279,0.6134969325153374,0.96045197740113,0.60625,0.025940818747471894,x1*x2,0.4763113328679405,D SEEF with EAM,7,0.6134969325153374
13439,0.5897435897435898,0.9659863945578231,0.6,0.028739931245524986,x1*x2,0.46751044068685715,D SEEF with EAM,7,0.5897435897435898
13599,0.9937106918238994,0.9937106918238994,0.99375,0.009684362505879562,identity,0.12507482410315574,D SEEF with EAM,7,0.9937106918238994
13759,0.9681528662420382,0.9681528662420382,0.96875,0.014505706249678951,identity,0.05205545360113434,D SEEF with EAM,7,0.9681528662420382
13919,0.9570552147239264,0.9570552147239264,0.95625,0.013360649994353935,identity,0.06178888525815926,D SEEF with EAM,7,0.9570552147239264
159,0.9473684210526315,0.9473684210526315,0.95625,0.016098731254032828,identity,0.0,E SEEF unconditioned,7,0.9473684210526315
319,0.9777777777777777,0.9777777777777777,0.975,0.016638418746595107,identity,0.03418902122649041,E SEEF unconditioned,7,0.9777777777777777
479,0.9700598802395209,0.9700598802395209,0.96875,0.014724675000366005,identity,0.056780460646543254,E SEEF unconditioned,7,0.9700598802395209
639,0.9668874172185431,0.9668874172185431,0.96875,0.013318337494183652,identity,0.05389124335554985,E SEEF unconditioned,7,0.9668874172185431
799,0.9841269841269841,0.9841269841269841,0.98125,0.017013312498193045,identity,0.025553466418770703,E SEEF unconditioned,7,0.9841269841269841
959,0.974025974025974,0.974025974025974,0.975,0.0157719125027711,identity,0.05049231376559294,E SEEF unconditioned,7,0.974025974025974
1119,0.9693251533742331,0.9693251533742331,0.96875,0.008791587499956677,identity,0.07143496281543874,E SEEF unconditioned,7,0.9693251533742331
1279,0.9808917197452229,0.9808917197452229,0.98125,0.015150856252432732,identity,0.06623493766116727,E SEEF unconditioned,7,0.9808917197452229
1439,0.9746835443037974,0.9746835443037974,0.975,0.012069575004147737,identity,0.058637743317099124,E SEEF unconditioned,7,0.9746835443037974
1599,0.9506172839506173,0.9506172839506173,0.95,0.010318331246139678,identity,0.08870195296540002,E SEEF unconditioned,7,0.9506172839506173
1759,0.961038961038961,0.961038961038961,0.9625,0.011732499984873357,identity,0.04715282570044966,E SEEF unconditioned,7,0.961038961038961
1919,0.9722222222222222,0.9722222222222222,0.975,0.008752443740434046,identity,0.0494303938074053,E SEEF unconditioned,7,0.9722222222222222
2079,0.9620253164556962,0.9620253164556962,0.9625,0.009140868746726483,identity,0.06261854254006441,E SEEF unconditioned,7,0.9620253164556962
2239,0.9411764705882353,0.9411764705882353,0.94375,0.009213181243694635,identity,0.06423278991824316,E SEEF unconditioned,7,0.9411764705882353
2399,0.9886363636363636,0.9886363636363636,0.9875,0.010530143740083986,identity,0.03126968221077852,E SEEF unconditioned,7,0.9886363636363636
2559,0.9859154929577465,0.9859154929577465,0.9875,0.009540418749054425,identity,0.023236513285382197,E SEEF unconditioned,7,0.9859154929577465
2719,0.9685534591194969,0.9685534591194969,0.96875,0.01401108748950719,identity,0.06601211268599957,E SEEF unconditioned,7,0.9685534591194969
2879,0.987012987012987,0.987012987012987,0.9875,0.0090423249943683,identity,0.05334976555081029,E SEEF unconditioned,7,0.987012987012987
3039,0.8552631578947368,0.8552631578947368,0.8625,0.00952355001544447,identity,0.2643540306476394,E SEEF unconditioned,7,0.8552631578947368
3199,0.6298342541436464,0.6298342541436464,0.58125,0.011962337489990205,identity,0.5222680788514341,E SEEF unconditioned,7,0.6298342541436464
3359,0.5806451612903226,0.5806451612903226,0.59375,0.00987519999569031,identity,0.48532941737241003,E SEEF unconditioned,7,0.5806451612903226
3519,0.6538461538461539,0.6538461538461539,0.6625,0.011189300002456548,identity,0.5170203927426903,E SEEF unconditioned,7,0.6538461538461539
3679,0.6025641025641025,0.6025641025641025,0.6125,0.018755831260364175,identity,0.46911307262910845,E SEEF unconditioned,7,0.6025641025641025
3839,0.5443037974683544,0.5443037974683544,0.55,0.014812693758869955,identity,0.5333731423668087,E SEEF unconditioned,7,0.5443037974683544
3999,0.5769230769230769,0.5769230769230769,0.5875,0.014687012489389417,identity,0.4834525481398208,E SEEF unconditioned,7,0.5769230769230769
4159,0.6588235294117647,0.6588235294117647,0.6375,0.0133967437506044,identity,0.4647172503276882,E SEEF unconditioned,7,0.6588235294117647
4319,0.6193548387096774,0.6193548387096774,0.63125,0.013324406261006061,identity,0.5427911117310096,E SEEF unconditioned,7,0.6193548387096774
4479,0.5620915032679739,0.5620915032679739,0.58125,0.010492256248539888,identity,0.5032170427150413,E SEEF unconditioned,7,0.5620915032679739
4639,0.9565217391304348,0.620253164556962,0.95625,0.026191468749914293,x1*x2,0.13400512083828678,E SEEF unconditioned,7,0.9565217391304348
4799,0.9502762430939227,0.5764705882352941,0.94375,0.028353537506120574,x1*x2,0.050522748909904075,E SEEF unconditioned,7,0.9502762430939227
4959,0.9559748427672956,0.6211180124223602,0.95625,0.030464293749332683,x1*x2,0.031134126912283778,E SEEF unconditioned,7,0.9559748427672956
5119,0.9447852760736196,0.5562130177514792,0.94375,0.048470412502865656,x1*x2,0.0647883536234851,E SEEF unconditioned,7,0.9447852760736196
5279,0.9090909090909091,0.593939393939394,0.91875,0.028491612491166052,x1*x2,0.07474113589399359,E SEEF unconditioned,7,0.9090909090909091
5439,0.9248554913294798,0.6341463414634146,0.91875,0.020944312497306328,x1*x2,0.05160633504341352,E SEEF unconditioned,7,0.9248554913294798
5599,0.9506172839506173,0.5911949685534591,0.95,0.021910524999668723,x1*x2,0.032573339790485004,E SEEF unconditioned,7,0.9506172839506173
5759,0.9230769230769231,0.5751633986928104,0.925,0.028654893752388944,x1*x2,0.06054039945885812,E SEEF unconditioned,7,0.9230769230769231
5919,0.9822485207100592,0.5853658536585366,0.98125,0.02686943125382868,x1*x2,0.04088188225710291,E SEEF unconditioned,7,0.9822485207100592
6079,0.8,0.5256410256410257,0.8125,0.025838762503838097,x1*x2,0.32472170915844545,E SEEF unconditioned,7,0.8
6239,0.5,0.3252032520325203,0.5875,0.02351422500339595,x1*x2,0.4786148470280896,E SEEF unconditioned,7,0.5
6399,0.42735042735042733,0.46511627906976744,0.58125,0.025238281244810423,x1*x2,0.5309907931169285,E SEEF unconditioned,7,0.42735042735042733
6559,0.3969465648854962,0.4122137404580153,0.50625,0.040949324994699055,x1*x2,0.5525656270107905,E SEEF unconditioned,7,0.3969465648854962
6719,0.38620689655172413,0.4186046511627907,0.44375,0.0344954062526881,x1*x2,0.4897557420196157,E SEEF unconditioned,7,0.38620689655172413
6879,0.5103448275862069,0.47058823529411764,0.55625,0.03432083123584562,x1*x2,0.46853332837615286,E SEEF unconditioned,7,0.5103448275862069
7039,0.416,0.4375,0.54375,0.035448931262749284,x1*x2,0.5107000867681053,E SEEF unconditioned,7,0.416
7199,0.3620689655172414,0.4166666666666667,0.5375,0.02522401249223094,x1*x2,0.4875475004132677,E SEEF unconditioned,7,0.3620689655172414
7359,0.3776223776223776,0.45714285714285713,0.44375,0.026258850013505253,x1*x2,0.5385045674921473,E SEEF unconditioned,7,0.3776223776223776
7519,0.9541284403669725,0.3916083916083916,0.96875,0.028482600002632807,x1²,0.15217299666570916,E SEEF unconditioned,7,0.9541284403669725
7679,0.9672131147540983,0.4251968503937008,0.975,0.02270486249642545,x1²,0.08628174294531148,E SEEF unconditioned,7,0.9672131147540983
7839,0.9411764705882353,0.3865546218487395,0.96875,0.02342951250113856,x1²,0.04525723368361267,E SEEF unconditioned,7,0.9411764705882353
7999,0.9714285714285714,0.48,0.98125,0.025133418745326708,x1²,0.05420716427852998,E SEEF unconditioned,7,0.9714285714285714
8159,0.9464285714285714,0.4927536231884058,0.9625,0.02796651249923343,x1²,0.08702205645105127,E SEEF unconditioned,7,0.9464285714285714
8319,0.991304347826087,0.43537414965986393,0.99375,0.027313224994429675,x1²,0.0639617892296581,E SEEF unconditioned,7,0.991304347826087
8479,0.9473684210526315,0.43283582089552236,0.9625,0.024458431249740897,x1²,0.07774978384180282,E SEEF unconditioned,7,0.9473684210526315
8639,0.98989898989899,0.4094488188976378,0.99375,0.022825450000141245,x1²,0.05773549171726415,E SEEF unconditioned,7,0.98989898989899
8799,0.9473684210526315,0.3442622950819672,0.96875,0.030735531248637926,x1²,0.06520666272563005,E SEEF unconditioned,7,0.9473684210526315
8959,0.9583333333333334,0.2905982905982906,0.975,0.03089157501108275,x1²,0.045046518642914084,E SEEF unconditioned,7,0.9583333333333334
9119,0.5,0.5641025641025641,0.625,0.02803373125033204,x1²,0.5698493348146881,E SEEF unconditioned,7,0.5
9279,0.3559322033898305,0.589041095890411,0.525,0.04543030001116222,x1²,0.6022618167339132,E SEEF unconditioned,7,0.3559322033898305
9439,0.4,0.6470588235294118,0.5125,0.02640259999822092,x1²,0.5134746630658553,E SEEF unconditioned,7,0.4
9599,0.39705882352941174,0.6309523809523809,0.4875,0.028856100004759355,x1²,0.521381470238784,E SEEF unconditioned,7,0.39705882352941174
9759,0.4696969696969697,0.6419753086419753,0.5625,0.03122123124370546,x1²,0.5003747112455452,E SEEF unconditioned,7,0.4696969696969697
9919,0.42962962962962964,0.7065868263473054,0.51875,0.05657841875148506,x1²,0.5833067487264048,E SEEF unconditioned,7,0.42962962962962964
10079,0.45390070921985815,0.5365853658536586,0.51875,0.07163741875189089,x1²,0.5017860706446409,E SEEF unconditioned,7,0.45390070921985815
10239,0.9659863945578231,0.5,0.96875,0.04661728750221528,x1*x2,0.1371451213937307,E SEEF unconditioned,7,0.9659863945578231
10399,0.96,0.6578947368421053,0.9625,0.0471317750026401,x1*x2,0.042003975572854076,E SEEF unconditioned,7,0.96
10559,0.9559748427672956,0.6242038216560509,0.95625,0.06000868125539682,x1*x2,0.03635147171520959,E SEEF unconditioned,7,0.9559748427672956
10719,0.9605263157894737,0.5503355704697986,0.9625,0.06565561249800567,x1*x2,0.04131114780189071,E SEEF unconditioned,7,0.9605263157894737
10879,0.9559748427672956,0.6424242424242425,0.95625,0.0790649687544942,x1*x2,0.06108297815668611,E SEEF unconditioned,7,0.9559748427672956
11039,0.9594594594594594,0.5655172413793104,0.9625,0.04413871876209896,x1*x2,0.04809152486879439,E SEEF unconditioned,7,0.9594594594594594
11199,0.9717514124293786,0.6588235294117647,0.96875,0.04331243751067859,x1*x2,0.038772138586536206,E SEEF unconditioned,7,0.9717514124293786
11359,0.9673202614379085,0.6242038216560509,0.96875,0.045956274992420276,x1*x2,0.05405454732690559,E SEEF unconditioned,7,0.9673202614379085
11519,0.9764705882352941,0.6467065868263473,0.975,0.04384196875548696,x1*x2,0.03519752472558601,E SEEF unconditioned,7,0.9764705882352941
11679,0.9512195121951219,0.6477272727272727,0.95,0.040119762510926193,x1*x2,0.06289128102062609,E SEEF unconditioned,7,0.9512195121951219
11839,0.95,0.588957055214724,0.95,0.06535693751033023,x1*x2,0.03120134544145234,E SEEF unconditioned,7,0.95
11999,0.9625,0.6296296296296297,0.9625,0.04469521875165583,x1*x2,0.03215343474331076,E SEEF unconditioned,7,0.9625
12159,0.6292134831460674,0.9629629629629629,0.5875,0.04342374374175506,x1*x2,0.5610038756216145,E SEEF unconditioned,7,0.6292134831460674
12319,0.618421052631579,0.975,0.6375,0.05293867499887028,x1*x2,0.4907052822556025,E SEEF unconditioned,7,0.618421052631579
12479,0.6235294117647059,0.975609756097561,0.6,0.028729468731114594,x1*x2,0.4723963571994491,E SEEF unconditioned,7,0.6235294117647059
12639,0.6,0.9733333333333334,0.625,0.023550512490544406,x1*x2,0.4483064923774404,E SEEF unconditioned,7,0.6
12799,0.6533333333333333,0.9937106918238994,0.675,0.032854031250906246,x1*x2,0.47256813158258093,E SEEF unconditioned,7,0.6533333333333333
12959,0.6075949367088608,0.95,0.6125,0.029781206248458147,x1*x2,0.4756118193404913,E SEEF unconditioned,7,0.6075949367088608
13119,0.6181818181818182,0.9349112426035503,0.60625,0.02500865000030217,x1*x2,0.47741437092443656,E SEEF unconditioned,7,0.6181818181818182
13279,0.6134969325153374,0.96045197740113,0.60625,0.029933250003466583,x1*x2,0.4763113328679405,E SEEF unconditioned,7,0.6134969325153374
13439,0.5897435897435898,0.9659863945578231,0.6,0.027382656257657345,x1*x2,0.46751044068685715,E SEEF unconditioned,7,0.5897435897435898
13599,0.9937106918238994,0.9937106918238994,0.99375,0.02471550625529062,clip(x1),0.12507482408520268,E SEEF unconditioned,7,0.9937106918238994
13759,0.9681528662420382,0.9681528662420382,0.96875,0.028295156263880017,clip(x1),0.05205545361884825,E SEEF unconditioned,7,0.9681528662420382
13919,0.9570552147239264,0.9570552147239264,0.95625,0.03208727500236819,clip(x1),0.0617888852328485,E SEEF unconditioned,7,0.9570552147239264
159,0.9666666666666667,0.9666666666666667,0.9625,0.013706487501963238,identity,0.0,A Static,21,0.9666666666666667
319,0.9704142011834319,0.9704142011834319,0.96875,0.01851569374338169,identity,0.03994022992096898,A Static,21,0.9704142011834319
479,0.967741935483871,0.967741935483871,0.96875,0.023565831249072744,identity,0.03217128849335517,A Static,21,0.967741935483871
639,0.9732620320855615,0.9732620320855615,0.96875,0.016868881256471013,identity,0.030349528848227822,A Static,21,0.9732620320855615
799,0.9746835443037974,0.9746835443037974,0.975,0.015034137497593747,identity,0.05065502292666517,A Static,21,0.9746835443037974
959,0.9496402877697842,0.9496402877697842,0.95625,0.00983254374915532,identity,0.0640238236275668,A Static,21,0.9496402877697842
1119,0.9815950920245399,0.9815950920245399,0.98125,0.01607850625049423,identity,0.031180413322556513,A Static,21,0.9815950920245399
1279,0.9803921568627451,0.9803921568627451,0.98125,0.011547643750020598,identity,0.028068877732947816,A Static,21,0.9803921568627451
1439,0.9620253164556962,0.9620253164556962,0.9625,0.011093968740283344,identity,0.07338759235835343,A Static,21,0.9620253164556962
1599,1.0,1.0,1.0,0.011150237494916837,identity,0.04626197443282855,A Static,21,1.0
1759,0.9681528662420382,0.9681528662420382,0.96875,0.011154031254534402,identity,0.08177837733126309,A Static,21,0.9681528662420382
1919,0.9343065693430657,0.9343065693430657,0.94375,0.011518499994167541,identity,0.06237600178578724,A Static,21,0.9343065693430657
2079,0.9720670391061452,0.9720670391061452,0.96875,0.009428637501684989,identity,0.0659343879916287,A Static,21,0.9720670391061452
2239,0.9166666666666666,0.9166666666666666,0.9375,0.013468443739839131,identity,0.06833147161503535,A Static,21,0.9166666666666666
2399,0.9518072289156626,0.9518072289156626,0.95,0.01345448124112636,identity,0.045610495617769614,A Static,21,0.9518072289156626
2559,0.9681528662420382,0.9681528662420382,0.96875,0.009407556247253979,identity,0.03208798182424074,A Static,21,0.9681528662420382
2719,0.9722222222222222,0.9722222222222222,0.975,0.009489862515010827,identity,0.03647569500839226,A Static,21,0.9722222222222222
2879,0.963855421686747,0.963855421686747,0.9625,0.01322346875411995,identity,0.04965004650935339,A Static,21,0.963855421686747
3039,0.88,0.88,0.8875,0.009926018739747633,identity,0.24535198492099453,A Static,21,0.88
3199,0.5138888888888888,0.5138888888888888,0.5625,0.011268624996318977,identity,0.5029958670755832,A Static,21,0.5138888888888888
3359,0.6459627329192547,0.6459627329192547,0.64375,0.012365793752167065,identity,0.47082242094127386,A Static,21,0.6459627329192547
3519,0.6303030303030303,0.6303030303030303,0.61875,0.014816225004210537,identity,0.46669720461617686,A Static,21,0.6303030303030303
3679,0.6190476190476191,0.6190476190476191,0.6,0.010792143731919168,identity,0.5080172400980035,A Static,21,0.6190476190476191
3839,0.6467065868263473,0.6467065868263473,0.63125,0.008674043745315885,identity,0.460409288615418,A Static,21,0.6467065868263473
3999,0.6274509803921569,0.6274509803921569,0.64375,0.00996531248631527,identity,0.51154223835154,A Static,21,0.6274509803921569
4159,0.6473988439306358,0.6473988439306358,0.61875,0.011661312511535016,identity,0.47632862898398703,A Static,21,0.6473988439306358
4319,0.5766871165644172,0.5766871165644172,0.56875,0.016076518738827872,identity,0.48494199152010853,A Static,21,0.5766871165644172
4479,0.6242774566473989,0.6242774566473989,0.59375,0.01633511249536923,identity,0.4845543099780825,A Static,21,0.6242774566473989
4639,0.6467065868263473,0.6467065868263473,0.63125,0.009143237507203139,identity,0.45485407005601725,A Static,21,0.6467065868263473
4799,0.6012269938650306,0.6012269938650306,0.59375,0.009621249995461767,identity,0.48420455815586155,A Static,21,0.6012269938650306
4959,0.5590062111801242,0.5590062111801242,0.55625,0.009003774998461722,identity,0.45498143142078873,A Static,21,0.5590062111801242
5119,0.5454545454545454,0.5454545454545454,0.59375,0.011181656246606053,identity,0.4674636195627719,A Static,21,0.5454545454545454
5279,0.6282051282051282,0.6282051282051282,0.6375,0.013288699989288943,identity,0.489330782295081,A Static,21,0.6282051282051282
5439,0.6024096385542169,0.6024096385542169,0.5875,0.010673668749916487,identity,0.47009763290070766,A Static,21,0.6024096385542169
5599,0.5633802816901409,0.5633802816901409,0.6125,0.011189362510322098,identity,0.48068177411028135,A Static,21,0.5633802816901409
5759,0.5521472392638037,0.5521472392638037,0.54375,0.008544424999001876,identity,0.4789176601418299,A Static,21,0.5521472392638037
5919,0.6352941176470588,0.6352941176470588,0.6125,0.00956461251462315,identity,0.4579431421058176,A Static,21,0.6352941176470588
6079,0.5868263473053892,0.5868263473053892,0.56875,0.012573993750208956,identity,0.4634211295192235,A Static,21,0.5868263473053892
6239,0.45714285714285713,0.45714285714285713,0.525,0.011402762505952069,identity,0.5186331214593013,A Static,21,0.45714285714285713
6399,0.46616541353383456,0.46616541353383456,0.55625,0.00992471875491674,identity,0.5365510684161905,A Static,21,0.46616541353383456
6559,0.43283582089552236,0.43283582089552236,0.525,0.025920974989901424,identity,0.4884971236875202,A Static,21,0.43283582089552236
6719,0.46808510638297873,0.46808510638297873,0.53125,0.008906062494418165,identity,0.4768679448121079,A Static,21,0.46808510638297873
6879,0.34782608695652173,0.34782608695652173,0.4375,0.010145468760924814,identity,0.6209403363803504,A Static,21,0.34782608695652173
7039,0.40298507462686567,0.40298507462686567,0.5,0.00935517500693095,identity,0.4977840447374602,A Static,21,0.40298507462686567
7199,0.5294117647058824,0.5294117647058824,0.6,0.012665437502334953,identity,0.5106266125447778,A Static,21,0.5294117647058824
7359,0.43478260869565216,0.43478260869565216,0.5125,0.009324675001209926,identity,0.4938518269370475,A Static,21,0.43478260869565216
7519,0.3384615384615385,0.3384615384615385,0.4625,0.0114778124995496,identity,0.5329587203240712,A Static,21,0.3384615384615385
7679,0.3816793893129771,0.3816793893129771,0.49375,0.01559615000701342,identity,0.4853806669296432,A Static,21,0.3816793893129771
7839,0.4090909090909091,0.4090909090909091,0.5125,0.009346106244834118,identity,0.47871106860214174,A Static,21,0.4090909090909091
7999,0.3880597014925373,0.3880597014925373,0.4875,0.00984185626435874,identity,0.5008187129823284,A Static,21,0.3880597014925373
8159,0.45390070921985815,0.45390070921985815,0.51875,0.013597218756444818,identity,0.48001732420227194,A Static,21,0.45390070921985815
8319,0.3916083916083916,0.3916083916083916,0.45625,0.010686731253883863,identity,0.4752586208699015,A Static,21,0.3916083916083916
8479,0.4,0.4,0.5125,0.012157762498077318,identity,0.5046554793738879,A Static,21,0.4
8639,0.3308270676691729,0.3308270676691729,0.44375,0.01817106247585798,identity,0.5372930662682557,A Static,21,0.3308270676691729
8799,0.38571428571428573,0.38571428571428573,0.4625,0.013021700003434944,identity,0.5269965499589913,A Static,21,0.38571428571428573
8959,0.3586206896551724,0.3586206896551724,0.41875,0.01002403124346074,identity,0.4965955819378309,A Static,21,0.3586206896551724
9119,0.5644171779141104,0.5644171779141104,0.55625,0.010677806250214417,identity,0.5059581700734239,A Static,21,0.5644171779141104
9279,0.6143790849673203,0.6143790849673203,0.63125,0.010624206247200618,identity,0.5118432925343871,A Static,21,0.6143790849673203
9439,0.5882352941176471,0.5882352941176471,0.60625,0.01351269374936237,identity,0.5214226624706733,A Static,21,0.5882352941176471
9599,0.591715976331361,0.591715976331361,0.56875,0.011295624993579167,identity,0.4752327532716984,A Static,21,0.591715976331361
9759,0.5974025974025974,0.5974025974025974,0.6125,0.011981912500402814,identity,0.5132945226286671,A Static,21,0.5974025974025974
9919,0.5753424657534246,0.5753424657534246,0.6125,0.016538893757456208,identity,0.4928259474067351,A Static,21,0.5753424657534246
10079,0.6206896551724138,0.6206896551724138,0.5875,0.01449220000040441,identity,0.4809900139330282,A Static,21,0.6206896551724138
10239,0.5595238095238095,0.5595238095238095,0.5375,0.01131411875263666,identity,0.485423598063054,A Static,21,0.5595238095238095
10399,0.6103896103896104,0.6103896103896104,0.625,0.02538945624905864,identity,0.48786411694356496,A Static,21,0.6103896103896104
10559,0.5732484076433121,0.5732484076433121,0.58125,0.01929853125233194,identity,0.4917742156780701,A Static,21,0.5732484076433121
10719,0.618421052631579,0.618421052631579,0.6375,0.012119200005145103,identity,0.45656072007337234,A Static,21,0.618421052631579
10879,0.588957055214724,0.588957055214724,0.58125,0.013424181251764367,identity,0.49179890838313534,A Static,21,0.588957055214724
11039,0.620253164556962,0.620253164556962,0.625,0.014645975008420464,identity,0.45212343926816206,A Static,21,0.620253164556962
11199,0.5780346820809249,0.5780346820809249,0.54375,0.014260574981506124,identity,0.46760645894870473,A Static,21,0.5780346820809249
11359,0.6629834254143646,0.6629834254143646,0.61875,0.019474062500535183,identity,0.49034505902581454,A Static,21,0.6629834254143646
11519,0.5625,0.5625,0.5625,0.013656012491480851,identity,0.46453507882837874,A Static,21,0.5625
11679,0.5850340136054422,0.5850340136054422,0.61875,0.02085666250621898,identity,0.46943133661476166,A Static,21,0.5850340136054422
11839,0.6666666666666666,0.6666666666666666,0.65,0.028120450001267727,identity,0.4921166691107105,A Static,21,0.6666666666666666
11999,0.5194805194805194,0.5194805194805194,0.5375,0.01846405624377212,identity,0.4763275940333384,A Static,21,0.5194805194805194
12159,0.9578947368421052,0.9578947368421052,0.95,0.026145550005196583,identity,0.1488956849718685,A Static,21,0.9578947368421052
12319,0.9795918367346939,0.9795918367346939,0.98125,0.020185143750950374,identity,0.05546473540807785,A Static,21,0.9795918367346939
12479,0.974025974025974,0.974025974025974,0.975,0.022585750002690475,identity,0.06098998157369512,A Static,21,0.974025974025974
12639,0.975,0.975,0.975,0.022761518746960974,identity,0.022739749079765052,A Static,21,0.975
12799,0.9774436090225563,0.9774436090225563,0.98125,0.024669506254326734,identity,0.028144482097125903,A Static,21,0.9774436090225563
12959,0.9454545454545454,0.9454545454545454,0.94375,0.019780306256222957,identity,0.0898768517137227,A Static,21,0.9454545454545454
13119,0.9764705882352941,0.9764705882352941,0.975,0.02078859375274078,identity,0.05353146655262784,A Static,21,0.9764705882352941
13279,0.9696969696969697,0.9696969696969697,0.96875,0.021710174998190723,identity,0.045088217797031635,A Static,21,0.9696969696969697
13439,0.961038961038961,0.961038961038961,0.9625,0.021565593756633916,identity,0.026323845506215297,A Static,21,0.961038961038961
13599,0.9696969696969697,0.9696969696969697,0.975,0.0225682937625038,identity,0.02851744830241803,A Static,21,0.9696969696969697
13759,0.9811320754716981,0.9811320754716981,0.98125,0.03757407499591636,identity,0.05376272488681238,A Static,21,0.9811320754716981
13919,0.972972972972973,0.972972972972973,0.975,0.019998806253340717,identity,0.061340879274870405,A Static,21,0.972972972972973
159,0.9666666666666667,0.9666666666666667,0.9625,0.017071368745291693,identity,0.0,B Retraining,21,0.9666666666666667
319,0.9704142011834319,0.9704142011834319,0.96875,0.016062856258258762,identity,0.03994022992096898,B Retraining,21,0.9704142011834319
479,0.967741935483871,0.967741935483871,0.96875,0.014915743732046849,identity,0.03217128849335517,B Retraining,21,0.967741935483871
639,0.9732620320855615,0.9732620320855615,0.96875,0.01873907501561689,identity,0.030349528848227822,B Retraining,21,0.9732620320855615
799,0.9746835443037974,0.9746835443037974,0.975,0.021975956245512407,identity,0.05065502292666517,B Retraining,21,0.9746835443037974
959,0.9496402877697842,0.9496402877697842,0.95625,0.02193118124580451,identity,0.0640238236275668,B Retraining,21,0.9496402877697842
1119,0.9815950920245399,0.9815950920245399,0.98125,0.020018893755491263,identity,0.031180413322556513,B Retraining,21,0.9815950920245399
1279,0.9803921568627451,0.9803921568627451,0.98125,0.01993522499788014,identity,0.028068877732947816,B Retraining,21,0.9803921568627451
1439,0.9620253164556962,0.9620253164556962,0.9625,0.02574431249513509,identity,0.07338759235835343,B Retraining,21,0.9620253164556962
1599,1.0,1.0,1.0,0.020861499997693045,identity,0.04626197443282855,B Retraining,21,1.0
1759,0.9681528662420382,0.9681528662420382,0.96875,0.022189062502775414,identity,0.08177837733126309,B Retraining,21,0.9681528662420382
1919,0.9343065693430657,0.9343065693430657,0.94375,0.01730513750146656,identity,0.06237600178578724,B Retraining,21,0.9343065693430657
2079,0.9720670391061452,0.9720670391061452,0.96875,0.020313375010516665,identity,0.0659343879916287,B Retraining,21,0.9720670391061452
2239,0.9166666666666666,0.9166666666666666,0.9375,0.01908292500729658,identity,0.06833147161503535,B Retraining,21,0.9166666666666666
2399,0.9518072289156626,0.9518072289156626,0.95,0.025704537506499037,identity,0.045610495617769614,B Retraining,21,0.9518072289156626
2559,0.9681528662420382,0.9681528662420382,0.96875,0.02294613749711516,identity,0.03208798182424074,B Retraining,21,0.9681528662420382
2719,0.9722222222222222,0.9722222222222222,0.975,0.01744191875445722,identity,0.03647569500839226,B Retraining,21,0.9722222222222222
2879,0.963855421686747,0.963855421686747,0.9625,0.019968106242629347,identity,0.04965004650935339,B Retraining,21,0.963855421686747
3039,0.88,0.88,0.8875,0.04164503124712837,identity,0.24535198492099453,B Retraining,21,0.88
3199,0.5138888888888888,0.5138888888888888,0.5625,0.023623700006680792,identity,0.5029958670755832,B Retraining,21,0.5138888888888888
3359,0.6459627329192547,0.6459627329192547,0.64375,0.02885103749861173,identity,0.47082242094127386,B Retraining,21,0.6459627329192547
3519,0.7125,0.6303030303030303,0.7125,0.015411718756297432,identity,0.15527360202223978,B Retraining,21,0.7125
3679,0.6971428571428572,0.6190476190476191,0.66875,0.014395206244444125,identity,0.12901881653205427,B Retraining,21,0.6971428571428572
3839,0.6503067484662577,0.6467065868263473,0.64375,0.017376400002433456,identity,0.10643713648388034,B Retraining,21,0.6503067484662577
3999,0.6923076923076923,0.6274509803921569,0.7,0.015816131265466993,identity,0.032920234956484544,B Retraining,21,0.6923076923076923
4159,0.6993865030674846,0.6473988439306358,0.69375,0.014968962504724459,identity,0.0526346856272883,B Retraining,21,0.6993865030674846
4319,0.6967741935483871,0.5766871165644172,0.70625,0.008856243734101099,identity,0.04848946056399625,B Retraining,21,0.6967741935483871
4479,0.7241379310344828,0.6242774566473989,0.7,0.012181993750459696,identity,0.05060581489446817,B Retraining,21,0.7241379310344828
4639,0.6993865030674846,0.6467065868263473,0.69375,0.018254393746985897,identity,0.04607072150169796,B Retraining,21,0.6993865030674846
4799,0.6666666666666666,0.6012269938650306,0.68125,0.009075643743017281,identity,0.059888130948964446,B Retraining,21,0.6666666666666666
4959,0.6783625730994152,0.5590062111801242,0.65625,0.009940824998011522,identity,0.07460287039245399,B Retraining,21,0.6783625730994152
5119,0.6621621621621622,0.5454545454545454,0.6875,0.009802806248160323,identity,0.04858456444603351,B Retraining,21,0.6621621621621622
5279,0.703030303030303,0.6282051282051282,0.69375,0.012264756246338493,identity,0.04725578418103681,B Retraining,21,0.703030303030303
5439,0.7239263803680982,0.6024096385542169,0.71875,0.012640987505108114,identity,0.05651693451395462,B Retraining,21,0.7239263803680982
5599,0.6524822695035462,0.5633802816901409,0.69375,0.011499643753154487,identity,0.075836950312569,B Retraining,21,0.6524822695035462
5759,0.6758620689655173,0.5521472392638037,0.70625,0.01171580624230728,identity,0.04795838592099366,B Retraining,21,0.6758620689655173
5919,0.6832298136645962,0.6352941176470588,0.68125,0.009630400003857176,identity,0.0629183589601209,B Retraining,21,0.6832298136645962
6079,0.64,0.5868263473053892,0.6625,0.008816687493151676,identity,0.10598357324420922,B Retraining,21,0.64
6239,0.549618320610687,0.45714285714285713,0.63125,0.013308643748644045,identity,0.16435419623370007,B Retraining,21,0.549618320610687
6399,0.4444444444444444,0.46616541353383456,0.5625,0.012094143750118747,identity,0.26371158599310796,B Retraining,21,0.4444444444444444
6559,0.5481481481481482,0.43283582089552236,0.61875,0.01883632500607746,identity,0.14368728871525074,B Retraining,21,0.5481481481481482
6719,0.5,0.46808510638297873,0.575,0.012932318747971294,identity,0.26187802661910387,B Retraining,21,0.5
6879,0.4732824427480916,0.34782608695652173,0.56875,0.009274549999815918,identity,0.2585716877313546,B Retraining,21,0.4732824427480916
7039,0.4745762711864407,0.40298507462686567,0.6125,0.009915750004552137,identity,0.1540241376315846,B Retraining,21,0.4745762711864407
7199,0.56,0.5294117647058824,0.65625,0.00901840624152328,identity,0.12674288084685728,B Retraining,21,0.56
7359,0.5142857142857142,0.43478260869565216,0.575,0.00936518123779706,identity,0.132865237847998,B Retraining,21,0.5142857142857142
7519,0.4126984126984127,0.3384615384615385,0.5375,0.011145862492867309,identity,0.13996521021869854,B Retraining,21,0.4126984126984127
7679,0.421875,0.3816793893129771,0.5375,0.010161331232438897,identity,0.05309933995374136,B Retraining,21,0.421875
7839,0.4878048780487805,0.4090909090909091,0.60625,0.01194563124471415,identity,0.09365870628082636,B Retraining,21,0.4878048780487805
7999,0.4715447154471545,0.3880597014925373,0.59375,0.01097411250583491,identity,0.05376821768200671,B Retraining,21,0.4715447154471545
8159,0.5112781954887218,0.45390070921985815,0.59375,0.010961562495026556,identity,0.05185960484034865,B Retraining,21,0.5112781954887218
8319,0.5352112676056338,0.3916083916083916,0.5875,0.009216087507013526,identity,0.05569514213244203,B Retraining,21,0.5352112676056338
8479,0.4580152671755725,0.4,0.55625,0.016378468751554465,identity,0.07560987257803206,B Retraining,21,0.4580152671755725
8639,0.4852941176470588,0.3308270676691729,0.5625,0.010615231252586455,identity,0.03125115631663149,B Retraining,21,0.4852941176470588
8799,0.4566929133858268,0.38571428571428573,0.56875,0.019066887507790398,identity,0.05060420645306937,B Retraining,21,0.4566929133858268
8959,0.5196850393700787,0.3586206896551724,0.61875,0.012334643756162222,identity,0.05287118456510733,B Retraining,21,0.5196850393700787
9119,0.6583850931677019,0.5644171779141104,0.65625,0.009576518762344222,identity,0.139532949064395,B Retraining,21,0.6583850931677019
9279,0.632258064516129,0.6143790849673203,0.64375,0.01018761875002383,identity,0.08507440971088895,B Retraining,21,0.632258064516129
9439,0.6787878787878788,0.5882352941176471,0.66875,0.01103663751109707,identity,0.04405095768423148,B Retraining,21,0.6787878787878788
9599,0.6987951807228916,0.591715976331361,0.6875,0.011182056239533722,identity,0.04072138767483522,B Retraining,21,0.6987951807228916
9759,0.7926829268292683,0.5974025974025974,0.7875,0.00928171251501908,identity,0.14892256075390525,B Retraining,21,0.7926829268292683
9919,0.7299270072992701,0.5753424657534246,0.76875,0.011920137497156702,identity,0.07503387365560846,B Retraining,21,0.7299270072992701
10079,0.7093023255813954,0.6206896551724138,0.6875,0.00879380623501902,identity,0.1518298504855148,B Retraining,21,0.7093023255813954
10239,0.6133333333333333,0.5595238095238095,0.6375,0.010319049992801865,identity,0.2218600110163323,B Retraining,21,0.6133333333333333
10399,0.6875,0.6103896103896104,0.6875,0.018893162507538364,identity,0.12631829980879172,B Retraining,21,0.6875
10559,0.6923076923076923,0.5732484076433121,0.7,0.012131018753791523,identity,0.05210130712480593,B Retraining,21,0.6923076923076923
10719,0.647887323943662,0.618421052631579,0.6875,0.015400968759138323,identity,0.10832371114013964,B Retraining,21,0.647887323943662
10879,0.7023809523809523,0.588957055214724,0.6875,0.010553643754462882,identity,0.0631335177393467,B Retraining,21,0.7023809523809523
11039,0.632258064516129,0.620253164556962,0.64375,0.009474131238107475,identity,0.08908460913799299,B Retraining,21,0.632258064516129
11199,0.6114649681528662,0.5780346820809249,0.61875,0.009437100011666644,identity,0.10114184494121856,B Retraining,21,0.6114649681528662
11359,0.72,0.6629834254143646,0.69375,0.010369756265049546,identity,0.0633156445127102,B Retraining,21,0.72
11519,0.6394557823129252,0.5625,0.66875,0.009304906259899326,identity,0.05801445029827118,B Retraining,21,0.6394557823129252
11679,0.647887323943662,0.5850340136054422,0.6875,0.03768893124913575,identity,0.057153768138130154,B Retraining,21,0.647887323943662
11839,0.6982248520710059,0.6666666666666666,0.68125,0.023042725013056042,identity,0.06308148497096937,B Retraining,21,0.6982248520710059
11999,0.6258503401360545,0.5194805194805194,0.65625,0.020803624991572178,identity,0.07902417703615242,B Retraining,21,0.6258503401360545
12159,0.6227544910179641,0.9578947368421052,0.60625,0.026525618746120472,identity,0.24026683059956838,B Retraining,21,0.6227544910179641
12319,0.55,0.9795918367346939,0.55,0.019224350010915714,identity,0.25811501712853063,B Retraining,21,0.55
12479,0.6029411764705882,0.974025974025974,0.6625,0.021752912510919487,identity,0.15600717970878103,B Retraining,21,0.6029411764705882
12639,0.6143790849673203,0.975,0.63125,0.025905656251268283,identity,0.20452842191903298,B Retraining,21,0.6143790849673203
12799,0.5547445255474452,0.9774436090225563,0.61875,0.018632500000137497,identity,0.19656202709678822,B Retraining,21,0.5547445255474452
12959,0.5732484076433121,0.9454545454545454,0.58125,0.02350319374073706,identity,0.29032747615926274,B Retraining,21,0.5732484076433121
13119,0.6708074534161491,0.9764705882352941,0.66875,0.02731817499608269,identity,0.14961664239876396,B Retraining,21,0.6708074534161491
13279,0.6459627329192547,0.9696969696969697,0.64375,0.02911374375429432,identity,0.20448735418774522,B Retraining,21,0.6459627329192547
13439,0.6122448979591837,0.961038961038961,0.64375,0.016492893743702552,identity,0.15140940970250924,B Retraining,21,0.6122448979591837
13599,0.6,0.9696969696969697,0.65,0.01835636875000546,identity,0.1644667058180418,B Retraining,21,0.6
13759,0.620253164556962,0.9811320754716981,0.625,0.01743121874682174,identity,0.16922071611853876,B Retraining,21,0.620253164556962
13919,0.5789473684210527,0.972972972972973,0.6,0.017624843746943952,identity,0.22068436286956125,B Retraining,21,0.5789473684210527
159,0.9666666666666667,0.9666666666666667,0.9625,0.020307093737415016,identity,0.0,C SEEF without EAM,21,0.9666666666666667
319,0.9704142011834319,0.9704142011834319,0.96875,0.018254987502075437,identity,0.03994022992096898,C SEEF without EAM,21,0.9704142011834319
479,0.967741935483871,0.967741935483871,0.96875,0.018140418742973452,identity,0.03217128849335517,C SEEF without EAM,21,0.967741935483871
639,0.9732620320855615,0.9732620320855615,0.96875,0.01603718749692007,identity,0.030349528848227822,C SEEF without EAM,21,0.9732620320855615
799,0.9746835443037974,0.9746835443037974,0.975,0.02633123749404831,identity,0.05065502292666517,C SEEF without EAM,21,0.9746835443037974
959,0.9496402877697842,0.9496402877697842,0.95625,0.01926183123686087,identity,0.0640238236275668,C SEEF without EAM,21,0.9496402877697842
1119,0.9815950920245399,0.9815950920245399,0.98125,0.01881199375191045,identity,0.031180413322556513,C SEEF without EAM,21,0.9815950920245399
1279,0.9803921568627451,0.9803921568627451,0.98125,0.020538362493027762,identity,0.028068877732947816,C SEEF without EAM,21,0.9803921568627451
1439,0.9620253164556962,0.9620253164556962,0.9625,0.026359487497984446,identity,0.07338759235835343,C SEEF without EAM,21,0.9620253164556962
1599,1.0,1.0,1.0,0.026644231242300975,identity,0.04626197443282855,C SEEF without EAM,21,1.0
1759,0.9681528662420382,0.9681528662420382,0.96875,0.0240928124995321,identity,0.08177837733126309,C SEEF without EAM,21,0.9681528662420382
1919,0.9343065693430657,0.9343065693430657,0.94375,0.09064807502170424,identity,0.06237600178578724,C SEEF without EAM,21,0.9343065693430657
2079,0.9720670391061452,0.9720670391061452,0.96875,0.019683449993124214,identity,0.0659343879916287,C SEEF without EAM,21,0.9720670391061452
2239,0.9166666666666666,0.9166666666666666,0.9375,0.023169768752495656,identity,0.06833147161503535,C SEEF without EAM,21,0.9166666666666666
2399,0.9518072289156626,0.9518072289156626,0.95,0.02475019374656995,identity,0.045610495617769614,C SEEF without EAM,21,0.9518072289156626
2559,0.9681528662420382,0.9681528662420382,0.96875,0.028979331256095975,identity,0.03208798182424074,C SEEF without EAM,21,0.9681528662420382
2719,0.9722222222222222,0.9722222222222222,0.975,0.02236216251105816,identity,0.03647569500839226,C SEEF without EAM,21,0.9722222222222222
2879,0.963855421686747,0.963855421686747,0.9625,0.04541564998987724,identity,0.04965004650935339,C SEEF without EAM,21,0.963855421686747
3039,0.88,0.88,0.8875,0.03284536873735533,identity,0.24535198492099453,C SEEF without EAM,21,0.88
3199,0.5138888888888888,0.5138888888888888,0.5625,0.03784563126316698,identity,0.5029958670755832,C SEEF without EAM,21,0.5138888888888888
3359,0.6459627329192547,0.6459627329192547,0.64375,0.0267801687471092,identity,0.47082242094127386,C SEEF without EAM,21,0.6459627329192547
3519,0.6303030303030303,0.6303030303030303,0.61875,0.020101787499982038,identity,0.46669720461617686,C SEEF without EAM,21,0.6303030303030303
3679,0.6190476190476191,0.6190476190476191,0.6,0.012059968750577355,identity,0.5080172400980035,C SEEF without EAM,21,0.6190476190476191
3839,0.6467065868263473,0.6467065868263473,0.63125,0.03936625624447743,identity,0.460409288615418,C SEEF without EAM,21,0.6467065868263473
3999,0.6274509803921569,0.6274509803921569,0.64375,0.02662721249464539,identity,0.51154223835154,C SEEF without EAM,21,0.6274509803921569
4159,0.6473988439306358,0.6473988439306358,0.61875,0.01508071875235828,identity,0.47632862898398703,C SEEF without EAM,21,0.6473988439306358
4319,0.5766871165644172,0.5766871165644172,0.56875,0.023603493734469794,identity,0.48494199152010853,C SEEF without EAM,21,0.5766871165644172
4479,0.6242774566473989,0.6242774566473989,0.59375,0.023465493750052246,identity,0.4845543099780825,C SEEF without EAM,21,0.6242774566473989
4639,0.9704142011834319,0.6467065868263473,0.96875,0.06468409999911273,x1*x2,0.12877657728886893,C SEEF without EAM,21,0.9704142011834319
4799,0.9753086419753086,0.6012269938650306,0.975,0.055141150009774265,x1*x2,0.050220429550764376,C SEEF without EAM,21,0.9753086419753086
4959,0.9333333333333333,0.5590062111801242,0.93125,0.05307719376048681,x1*x2,0.0969630408472012,C SEEF without EAM,21,0.9333333333333333
5119,0.9178082191780822,0.5454545454545454,0.925,0.03123560625368782,x1*x2,0.04877838153215729,C SEEF without EAM,21,0.9178082191780822
5279,0.9580838323353293,0.6282051282051282,0.95625,0.028609662507506073,x1*x2,0.04133078492731387,C SEEF without EAM,21,0.9580838323353293
5439,0.9580838323353293,0.6024096385542169,0.95625,0.0435096437570337,x1*x2,0.056076377753662525,C SEEF without EAM,21,0.9580838323353293
5599,0.9379310344827586,0.5633802816901409,0.94375,0.0563907062471003,x1*x2,0.062226368632710784,C SEEF without EAM,21,0.9379310344827586
5759,0.9733333333333334,0.5521472392638037,0.975,0.06277758750883322,x1*x2,0.04975656546713688,C SEEF without EAM,21,0.9733333333333334
5919,0.95,0.6352941176470588,0.95,0.040878012495682015,x1*x2,0.06475888272330073,C SEEF without EAM,21,0.95
6079,0.7483870967741936,0.5868263473053892,0.75625,0.03522676249048118,x1*x2,0.3507961347572641,C SEEF without EAM,21,0.7483870967741936
6239,0.4626865671641791,0.45714285714285713,0.55,0.059818131241229366,x1*x2,0.5004374091304932,C SEEF without EAM,21,0.4626865671641791
6399,0.35,0.46616541353383456,0.5125,0.09432821874497677,x1*x2,0.48628046106338624,C SEEF without EAM,21,0.35
6559,0.5185185185185185,0.43283582089552236,0.59375,0.028635543743860126,x1*x2,0.4658940573894631,C SEEF without EAM,21,0.5185185185185185
6719,0.4,0.46808510638297873,0.49375,0.04190923125690915,x1*x2,0.4748382220308592,C SEEF without EAM,21,0.4
6879,0.43795620437956206,0.34782608695652173,0.51875,0.047404837495435004,x1*x2,0.5332003575269889,C SEEF without EAM,21,0.43795620437956206
7039,0.46153846153846156,0.40298507462686567,0.5625,0.025945837494134594,x1*x2,0.4759716974138804,C SEEF without EAM,21,0.46153846153846156
7199,0.40310077519379844,0.5294117647058824,0.51875,0.04604171874120766,x1*x2,0.5339515154998516,C SEEF without EAM,21,0.40310077519379844
7359,0.4647887323943662,0.43478260869565216,0.525,0.03545608748822815,x1*x2,0.4871016064692796,C SEEF without EAM,21,0.4647887323943662
7519,0.9803921568627451,0.3384615384615385,0.9875,0.026899843751948538,x1²,0.1811401938235186,C SEEF without EAM,21,0.9803921568627451
7679,0.9807692307692307,0.3816793893129771,0.9875,0.04668157499878589,x1²,0.10897866892249872,C SEEF without EAM,21,0.9807692307692307
7839,0.990990990990991,0.4090909090909091,0.99375,0.03489052499929812,x1²,0.04893491726877735,C SEEF without EAM,21,0.990990990990991
7999,0.9803921568627451,0.3880597014925373,0.9875,0.028303450005751074,x1²,0.04512021008238289,C SEEF without EAM,21,0.9803921568627451
8159,0.9719626168224299,0.45390070921985815,0.98125,0.0315702875056445,x1²,0.06468883583474763,C SEEF without EAM,21,0.9719626168224299
8319,0.975609756097561,0.3916083916083916,0.98125,0.04239976874345075,x1²,0.04640252560221153,C SEEF without EAM,21,0.975609756097561
8479,0.9719626168224299,0.4,0.98125,0.03330969375241466,x1²,0.038804147329971964,C SEEF without EAM,21,0.9719626168224299
8639,0.9807692307692307,0.3308270676691729,0.9875,0.02623087500666088,x1²,0.032706025972558755,C SEEF without EAM,21,0.9807692307692307
8799,0.9591836734693877,0.38571428571428573,0.975,0.045971218746387876,x1²,0.06497068876657251,C SEEF without EAM,21,0.9591836734693877
8959,0.9310344827586207,0.3586206896551724,0.95,0.04959126875547781,x1²,0.07208405113402427,C SEEF without EAM,21,0.9310344827586207
9119,0.7248322147651006,0.5644171779141104,0.74375,0.05473369999577926,x1²,0.37606374416741517,C SEEF without EAM,21,0.7248322147651006
9279,0.5555555555555556,0.6143790849673203,0.65,0.03478593750685377,x1²,0.4506412977269628,C SEEF without EAM,21,0.5555555555555556
9439,0.4626865671641791,0.5882352941176471,0.55,0.04811769373560537,x1²,0.5529374760665656,C SEEF without EAM,21,0.4626865671641791
9599,0.54421768707483,0.591715976331361,0.58125,0.032384024997611505,x1²,0.49054546313542924,C SEEF without EAM,21,0.54421768707483
9759,0.4090909090909091,0.5974025974025974,0.5125,0.07721161249634179,x1²,0.5163052857536914,C SEEF without EAM,21,0.4090909090909091
9919,0.4409448818897638,0.5753424657534246,0.55625,0.07878761249315858,x1²,0.4804533464395854,C SEEF without EAM,21,0.4409448818897638
10079,0.38926174496644295,0.6206896551724138,0.43125,0.060300981246541596,x1²,0.5382415119039005,C SEEF without EAM,21,0.38926174496644295
10239,0.47761194029850745,0.5595238095238095,0.5625,0.039665331240712476,x1²,0.5070055655061183,C SEEF without EAM,21,0.47761194029850745
10399,0.460431654676259,0.6103896103896104,0.53125,0.045073506241521955,x1²,0.4857622509438391,C SEEF without EAM,21,0.460431654676259
10559,0.9811320754716981,0.5732484076433121,0.98125,0.06890085626167775,x1*x2,0.1552800028402552,C SEEF without EAM,21,0.9811320754716981
10719,0.9790209790209791,0.618421052631579,0.98125,0.12406798125539353,x1*x2,0.06869765573469203,C SEEF without EAM,21,0.9790209790209791
10879,0.9647058823529412,0.588957055214724,0.9625,0.04996159375565412,x1*x2,0.07890469517637651,C SEEF without EAM,21,0.9647058823529412
11039,0.9375,0.620253164556962,0.9375,0.12147825624850839,x1*x2,0.07089647453707179,C SEEF without EAM,21,0.9375
11199,0.9308176100628931,0.5780346820809249,0.93125,0.0848535249986071,x1*x2,0.03624029633700663,C SEEF without EAM,21,0.9308176100628931
11359,0.9787234042553191,0.6629834254143646,0.975,0.18058594375389703,x1*x2,0.05254783509682323,C SEEF without EAM,21,0.9787234042553191
11519,0.9565217391304348,0.5625,0.95625,0.0971575562630278,x1*x2,0.046904976587152675,C SEEF without EAM,21,0.9565217391304348
11679,0.9444444444444444,0.5850340136054422,0.95,0.05704691874797163,x1*x2,0.06231400094720697,C SEEF without EAM,21,0.9444444444444444
11839,0.9534883720930233,0.6666666666666666,0.95,0.1305097687591683,x1*x2,0.047074069974293316,C SEEF without EAM,21,0.9534883720930233
11999,0.9419354838709677,0.5194805194805194,0.94375,0.05353061874160403,x1*x2,0.06292806380300206,C SEEF without EAM,21,0.9419354838709677
12159,0.6444444444444445,0.9578947368421052,0.6,0.08445543126214261,x1*x2,0.5469323137371561,C SEEF without EAM,21,0.6444444444444445
12319,0.6163522012578616,0.9795918367346939,0.61875,0.0729549750118963,x1*x2,0.5100122761123048,C SEEF without EAM,21,0.6163522012578616
12479,0.5859872611464968,0.974025974025974,0.59375,0.043741393747609436,x1*x2,0.4754328769508003,C SEEF without EAM,21,0.5859872611464968
12639,0.5786163522012578,0.975,0.58125,0.02961142499913194,x1*x2,0.4606494854785203,C SEEF without EAM,21,0.5786163522012578
12799,0.45112781954887216,0.9774436090225563,0.54375,0.031768068730286814,x1*x2,0.508917650407908,C SEEF without EAM,21,0.45112781954887216
12959,0.6107784431137725,0.9454545454545454,0.59375,0.06893226875206437,x1*x2,0.49306156518397254,C SEEF without EAM,21,0.6107784431137725
13119,0.6927374301675978,0.9764705882352941,0.65625,0.026571787489615417,x1*x2,0.4303138603688008,C SEEF without EAM,21,0.6927374301675978
13279,0.6086956521739131,0.9696969696969697,0.60625,0.05300221875330635,x1*x2,0.5125924583481863,C SEEF without EAM,21,0.6086956521739131
13439,0.5945945945945946,0.961038961038961,0.625,0.0650137999983258,x1*x2,0.45476228612809955,C SEEF without EAM,21,0.5945945945945946
13599,0.9696969696969697,0.9696969696969697,0.975,0.021792093745887087,identity,0.11697085903941412,C SEEF without EAM,21,0.9696969696969697
13759,0.9811320754716981,0.9811320754716981,0.98125,0.013595287505552278,identity,0.05376272488681238,C SEEF without EAM,21,0.9811320754716981
13919,0.972972972972973,0.972972972972973,0.975,0.025955243746977885,identity,0.061340879274870405,C SEEF without EAM,21,0.972972972972973
159,0.9666666666666667,0.9666666666666667,0.9625,0.024893481243282167,identity,0.0,D SEEF with EAM,21,0.9666666666666667
319,0.9704142011834319,0.9704142011834319,0.96875,0.09646789999209204,identity,0.03994022992096898,D SEEF with EAM,21,0.9704142011834319
479,0.967741935483871,0.967741935483871,0.96875,0.021180806244558426,identity,0.03217128849335517,D SEEF with EAM,21,0.967741935483871
639,0.9732620320855615,0.9732620320855615,0.96875,0.04568092500107923,identity,0.030349528848227822,D SEEF with EAM,21,0.9732620320855615
799,0.9746835443037974,0.9746835443037974,0.975,0.011570362501345244,identity,0.05065502292666517,D SEEF with EAM,21,0.9746835443037974
959,0.9496402877697842,0.9496402877697842,0.95625,0.025442825005939085,identity,0.0640238236275668,D SEEF with EAM,21,0.9496402877697842
1119,0.9815950920245399,0.9815950920245399,0.98125,0.03390078124994034,identity,0.031180413322556513,D SEEF with EAM,21,0.9815950920245399
1279,0.9803921568627451,0.9803921568627451,0.98125,0.017071762495390885,identity,0.028068877732947816,D SEEF with EAM,21,0.9803921568627451
1439,0.9620253164556962,0.9620253164556962,0.9625,0.0727469312522544,identity,0.07338759235835343,D SEEF with EAM,21,0.9620253164556962
1599,1.0,1.0,1.0,0.0275547624966066,identity,0.04626197443282855,D SEEF with EAM,21,1.0
1759,0.9681528662420382,0.9681528662420382,0.96875,0.029064643744902696,identity,0.08177837733126309,D SEEF with EAM,21,0.9681528662420382
1919,0.9343065693430657,0.9343065693430657,0.94375,0.058680250012344004,identity,0.06237600178578724,D SEEF with EAM,21,0.9343065693430657
2079,0.9720670391061452,0.9720670391061452,0.96875,0.05967624373539593,identity,0.0659343879916287,D SEEF with EAM,21,0.9720670391061452
2239,0.9166666666666666,0.9166666666666666,0.9375,0.044692143747226964,identity,0.06833147161503535,D SEEF with EAM,21,0.9166666666666666
2399,0.9518072289156626,0.9518072289156626,0.95,0.034731699983581166,identity,0.045610495617769614,D SEEF with EAM,21,0.9518072289156626
2559,0.9681528662420382,0.9681528662420382,0.96875,0.023456224997175923,identity,0.03208798182424074,D SEEF with EAM,21,0.9681528662420382
2719,0.9722222222222222,0.9722222222222222,0.975,0.06845114373703609,identity,0.03647569500839226,D SEEF with EAM,21,0.9722222222222222
2879,0.963855421686747,0.963855421686747,0.9625,0.058815700010939054,identity,0.04965004650935339,D SEEF with EAM,21,0.963855421686747
3039,0.88,0.88,0.8875,0.022507962496831624,identity,0.24535198492099453,D SEEF with EAM,21,0.88
3199,0.5138888888888888,0.5138888888888888,0.5625,0.0395034687471707,identity,0.5029958670755832,D SEEF with EAM,21,0.5138888888888888
3359,0.6459627329192547,0.6459627329192547,0.64375,0.022415125002339664,identity,0.47082242094127386,D SEEF with EAM,21,0.6459627329192547
3519,0.6303030303030303,0.6303030303030303,0.61875,0.1472490937544535,identity,0.46669720461617686,D SEEF with EAM,21,0.6303030303030303
3679,0.6190476190476191,0.6190476190476191,0.6,0.03072795625485014,identity,0.5080172400980035,D SEEF with EAM,21,0.6190476190476191
3839,0.6467065868263473,0.6467065868263473,0.63125,0.013240918752899233,identity,0.460409288615418,D SEEF with EAM,21,0.6467065868263473
3999,0.6274509803921569,0.6274509803921569,0.64375,0.0256707875024631,identity,0.51154223835154,D SEEF with EAM,21,0.6274509803921569
4159,0.6473988439306358,0.6473988439306358,0.61875,0.029632543747482032,identity,0.47632862898398703,D SEEF with EAM,21,0.6473988439306358
4319,0.5766871165644172,0.5766871165644172,0.56875,0.025657299988779414,identity,0.48494199152010853,D SEEF with EAM,21,0.5766871165644172
4479,0.6242774566473989,0.6242774566473989,0.59375,0.015378325005599436,identity,0.4845543099780825,D SEEF with EAM,21,0.6242774566473989
4639,0.9704142011834319,0.6467065868263473,0.96875,0.028427987506063346,x1*x2,0.12877657728886893,D SEEF with EAM,21,0.9704142011834319
4799,0.9753086419753086,0.6012269938650306,0.975,0.02649199373081501,x1*x2,0.050220429550764376,D SEEF with EAM,21,0.9753086419753086
4959,0.9333333333333333,0.5590062111801242,0.93125,0.043892256258004636,x1*x2,0.0969630408472012,D SEEF with EAM,21,0.9333333333333333
5119,0.9178082191780822,0.5454545454545454,0.925,0.04562675623986934,x1*x2,0.04877838153215729,D SEEF with EAM,21,0.9178082191780822
5279,0.9580838323353293,0.6282051282051282,0.95625,0.02799399373856204,x1*x2,0.04133078492731387,D SEEF with EAM,21,0.9580838323353293
5439,0.9580838323353293,0.6024096385542169,0.95625,0.062063543755641604,x1*x2,0.056076377753662525,D SEEF with EAM,21,0.9580838323353293
5599,0.9379310344827586,0.5633802816901409,0.94375,0.02498557500558718,x1*x2,0.062226368632710784,D SEEF with EAM,21,0.9379310344827586
5759,0.9733333333333334,0.5521472392638037,0.975,0.03931940625250263,x1*x2,0.04975656546713688,D SEEF with EAM,21,0.9733333333333334
5919,0.95,0.6352941176470588,0.95,0.039413574987179345,x1*x2,0.06475888272330073,D SEEF with EAM,21,0.95
6079,0.7483870967741936,0.5868263473053892,0.75625,0.031823743752568134,x1*x2,0.3507961347572641,D SEEF with EAM,21,0.7483870967741936
6239,0.4626865671641791,0.45714285714285713,0.55,0.09157672499924274,x1*x2,0.5004374091304932,D SEEF with EAM,21,0.4626865671641791
6399,0.35,0.46616541353383456,0.5125,0.1595744187440573,x1*x2,0.48628046106338624,D SEEF with EAM,21,0.35
6559,0.5185185185185185,0.43283582089552236,0.59375,0.08018329999686102,x1*x2,0.4658940573894631,D SEEF with EAM,21,0.5185185185185185
6719,0.4,0.46808510638297873,0.49375,0.08317025623938434,x1*x2,0.4748382220308592,D SEEF with EAM,21,0.4
6879,0.43795620437956206,0.34782608695652173,0.51875,0.1051139875059448,x1*x2,0.5332003575269889,D SEEF with EAM,21,0.43795620437956206
7039,0.46153846153846156,0.40298507462686567,0.5625,0.07124133126126253,x1*x2,0.4759716974138804,D SEEF with EAM,21,0.46153846153846156
7199,0.40310077519379844,0.5294117647058824,0.51875,0.08114551249747137,x1*x2,0.5339515154998516,D SEEF with EAM,21,0.40310077519379844
7359,0.4647887323943662,0.43478260869565216,0.525,0.05583954999224261,x1*x2,0.4871016064692796,D SEEF with EAM,21,0.4647887323943662
7519,0.9803921568627451,0.3384615384615385,0.9875,0.16675004374633318,x1²,0.1811401938235186,D SEEF with EAM,21,0.9803921568627451
7679,0.9807692307692307,0.3816793893129771,0.9875,0.03796996875422565,x1²,0.10897866892249872,D SEEF with EAM,21,0.9807692307692307
7839,0.990990990990991,0.4090909090909091,0.99375,0.06972101249544949,x1²,0.04893491726877735,D SEEF with EAM,21,0.990990990990991
7999,0.9803921568627451,0.3880597014925373,0.9875,0.059490681255169875,x1²,0.04512021008238289,D SEEF with EAM,21,0.9803921568627451
8159,0.9719626168224299,0.45390070921985815,0.98125,0.11272708749885396,x1²,0.06468883583474763,D SEEF with EAM,21,0.9719626168224299
8319,0.975609756097561,0.3916083916083916,0.98125,0.11532125000712767,x1²,0.04640252560221153,D SEEF with EAM,21,0.975609756097561
8479,0.9719626168224299,0.4,0.98125,0.09815000000799046,x1²,0.038804147329971964,D SEEF with EAM,21,0.9719626168224299
8639,0.9807692307692307,0.3308270676691729,0.9875,0.039531743733789426,x1²,0.032706025972558755,D SEEF with EAM,21,0.9807692307692307
8799,0.9591836734693877,0.38571428571428573,0.975,0.06881231250019937,x1²,0.06497068876657251,D SEEF with EAM,21,0.9591836734693877
8959,0.9310344827586207,0.3586206896551724,0.95,0.13959001250185565,x1²,0.07208405113402427,D SEEF with EAM,21,0.9310344827586207
9119,0.7248322147651006,0.5644171779141104,0.74375,0.049615612508091544,x1²,0.37606374416741517,D SEEF with EAM,21,0.7248322147651006
9279,0.5555555555555556,0.6143790849673203,0.65,0.14033605624916845,x1²,0.4506412977269628,D SEEF with EAM,21,0.5555555555555556
9439,0.4626865671641791,0.5882352941176471,0.55,0.10241658749947646,x1²,0.5529374760665656,D SEEF with EAM,21,0.4626865671641791
9599,0.54421768707483,0.591715976331361,0.58125,0.12823506249048933,x1²,0.49054546313542924,D SEEF with EAM,21,0.54421768707483
9759,0.4090909090909091,0.5974025974025974,0.5125,0.11773989999852574,x1²,0.5163052857536914,D SEEF with EAM,21,0.4090909090909091
9919,0.4409448818897638,0.5753424657534246,0.55625,0.17835959374252752,x1²,0.4804533464395854,D SEEF with EAM,21,0.4409448818897638
10079,0.38926174496644295,0.6206896551724138,0.43125,0.11428439376004462,x1²,0.5382415119039005,D SEEF with EAM,21,0.38926174496644295
10239,0.9440993788819876,0.5595238095238095,0.94375,0.0810258749979198,x1*x2,0.1568035457879335,D SEEF with EAM,21,0.9440993788819876
10399,0.9367088607594937,0.6103896103896104,0.9375,0.05812540000960098,x1*x2,0.09525107007731543,D SEEF with EAM,21,0.9367088607594937
10559,0.9811320754716981,0.5732484076433121,0.98125,0.09567246875832325,x1*x2,0.06541002372459397,D SEEF with EAM,21,0.9811320754716981
10719,0.9790209790209791,0.618421052631579,0.98125,0.07372496874893386,x1*x2,0.059683818048912846,D SEEF with EAM,21,0.9790209790209791
10879,0.9647058823529412,0.588957055214724,0.9625,0.08617522498752805,x1*x2,0.07890469517637651,D SEEF with EAM,21,0.9647058823529412
11039,0.9375,0.620253164556962,0.9375,0.08730026248855438,x1*x2,0.07089647453707179,D SEEF with EAM,21,0.9375
11199,0.9308176100628931,0.5780346820809249,0.93125,0.08518556250720621,x1*x2,0.03624029633700663,D SEEF with EAM,21,0.9308176100628931
11359,0.9787234042553191,0.6629834254143646,0.975,0.09218971250248842,x1*x2,0.05254783509682323,D SEEF with EAM,21,0.9787234042553191
11519,0.9565217391304348,0.5625,0.95625,0.03302344999553952,x1*x2,0.046904976587152675,D SEEF with EAM,21,0.9565217391304348
11679,0.9444444444444444,0.5850340136054422,0.95,0.06226561875308789,x1*x2,0.06231400094720697,D SEEF with EAM,21,0.9444444444444444
11839,0.9534883720930233,0.6666666666666666,0.95,0.06561113749370406,x1*x2,0.047074069974293316,D SEEF with EAM,21,0.9534883720930233
11999,0.9419354838709677,0.5194805194805194,0.94375,0.12563881874427807,x1*x2,0.06292806380300206,D SEEF with EAM,21,0.9419354838709677
12159,0.6444444444444445,0.9578947368421052,0.6,0.10171863124952552,x1*x2,0.5469323137371561,D SEEF with EAM,21,0.6444444444444445
12319,0.6163522012578616,0.9795918367346939,0.61875,0.05879366249530449,x1*x2,0.5100122761123048,D SEEF with EAM,21,0.6163522012578616
12479,0.5859872611464968,0.974025974025974,0.59375,0.11026168749594945,x1*x2,0.4754328769508003,D SEEF with EAM,21,0.5859872611464968
12639,0.5786163522012578,0.975,0.58125,0.08823103125479292,x1*x2,0.4606494854785203,D SEEF with EAM,21,0.5786163522012578
12799,0.45112781954887216,0.9774436090225563,0.54375,0.047553787504739375,x1*x2,0.508917650407908,D SEEF with EAM,21,0.45112781954887216
12959,0.6107784431137725,0.9454545454545454,0.59375,0.05002108125751192,x1*x2,0.49306156518397254,D SEEF with EAM,21,0.6107784431137725
13119,0.6927374301675978,0.9764705882352941,0.65625,0.04949025000087204,x1*x2,0.4703138603688008,D SEEF with EAM,21,0.6927374301675978
13279,0.6086956521739131,0.9696969696969697,0.60625,0.06604530624372273,x1*x2,0.47259245834818636,D SEEF with EAM,21,0.6086956521739131
13439,0.5945945945945946,0.961038961038961,0.625,0.0718427375062447,x1*x2,0.45476228612809955,D SEEF with EAM,21,0.5945945945945946
13599,0.9696969696969697,0.9696969696969697,0.975,0.0860904625085368,identity,0.11697085903941412,D SEEF with EAM,21,0.9696969696969697
13759,0.9811320754716981,0.9811320754716981,0.98125,0.05322351250640622,identity,0.05376272488681238,D SEEF with EAM,21,0.9811320754716981
13919,0.972972972972973,0.972972972972973,0.975,0.009130675000790234,identity,0.061340879274870405,D SEEF with EAM,21,0.972972972972973
159,0.9666666666666667,0.9666666666666667,0.9625,0.21288256874356648,identity,0.0,E SEEF unconditioned,21,0.9666666666666667
319,0.9704142011834319,0.9704142011834319,0.96875,0.02858474373539366,identity,0.03994022992096898,E SEEF unconditioned,21,0.9704142011834319
479,0.967741935483871,0.967741935483871,0.96875,0.011460143736030659,identity,0.03217128849335517,E SEEF unconditioned,21,0.967741935483871
639,0.9732620320855615,0.9732620320855615,0.96875,0.012484681239754991,identity,0.030349528848227822,E SEEF unconditioned,21,0.9732620320855615
799,0.9746835443037974,0.9746835443037974,0.975,0.04937558124140651,identity,0.05065502292666517,E SEEF unconditioned,21,0.9746835443037974
959,0.9496402877697842,0.9496402877697842,0.95625,0.03090971251396013,identity,0.0640238236275668,E SEEF unconditioned,21,0.9496402877697842
1119,0.9815950920245399,0.9815950920245399,0.98125,0.009870750001539363,identity,0.031180413322556513,E SEEF unconditioned,21,0.9815950920245399
1279,0.9803921568627451,0.9803921568627451,0.98125,0.01555713749894494,identity,0.028068877732947816,E SEEF unconditioned,21,0.9803921568627451
1439,0.9620253164556962,0.9620253164556962,0.9625,0.021125612505557,identity,0.07338759235835343,E SEEF unconditioned,21,0.9620253164556962
1599,1.0,1.0,1.0,0.03140069999290063,identity,0.04626197443282855,E SEEF unconditioned,21,1.0
1759,0.9681528662420382,0.9681528662420382,0.96875,0.036016762489055054,identity,0.08177837733126309,E SEEF unconditioned,21,0.9681528662420382
1919,0.9343065693430657,0.9343065693430657,0.94375,0.03454257501260827,identity,0.06237600178578724,E SEEF unconditioned,21,0.9343065693430657
2079,0.9720670391061452,0.9720670391061452,0.96875,0.02200121874409433,identity,0.0659343879916287,E SEEF unconditioned,21,0.9720670391061452
2239,0.9166666666666666,0.9166666666666666,0.9375,0.019601624998699663,identity,0.06833147161503535,E SEEF unconditioned,21,0.9166666666666666
2399,0.9518072289156626,0.9518072289156626,0.95,0.03416920000063328,identity,0.045610495617769614,E SEEF unconditioned,21,0.9518072289156626
2559,0.9681528662420382,0.9681528662420382,0.96875,0.042829731248161806,identity,0.03208798182424074,E SEEF unconditioned,21,0.9681528662420382
2719,0.9722222222222222,0.9722222222222222,0.975,0.08283984374486408,identity,0.03647569500839226,E SEEF unconditioned,21,0.9722222222222222
2879,0.963855421686747,0.963855421686747,0.9625,0.01567190625451076,identity,0.04965004650935339,E SEEF unconditioned,21,0.963855421686747
3039,0.88,0.88,0.8875,0.027589150001006146,identity,0.24535198492099453,E SEEF unconditioned,21,0.88
3199,0.5138888888888888,0.5138888888888888,0.5625,0.01078469999669096,identity,0.5029958670755832,E SEEF unconditioned,21,0.5138888888888888
3359,0.6459627329192547,0.6459627329192547,0.64375,0.03867049375116949,identity,0.47082242094127386,E SEEF unconditioned,21,0.6459627329192547
3519,0.6303030303030303,0.6303030303030303,0.61875,0.012177218744113816,identity,0.46669720461617686,E SEEF unconditioned,21,0.6303030303030303
3679,0.6190476190476191,0.6190476190476191,0.6,0.09743648751197043,identity,0.5080172400980035,E SEEF unconditioned,21,0.6190476190476191
3839,0.6467065868263473,0.6467065868263473,0.63125,0.0423742937471161,identity,0.460409288615418,E SEEF unconditioned,21,0.6467065868263473
3999,0.6274509803921569,0.6274509803921569,0.64375,0.12140719375253184,identity,0.51154223835154,E SEEF unconditioned,21,0.6274509803921569
4159,0.6473988439306358,0.6473988439306358,0.61875,0.012613068750511047,identity,0.47632862898398703,E SEEF unconditioned,21,0.6473988439306358
4319,0.5766871165644172,0.5766871165644172,0.56875,0.011190731244425933,identity,0.48494199152010853,E SEEF unconditioned,21,0.5766871165644172
4479,0.6242774566473989,0.6242774566473989,0.59375,0.05893956249565235,identity,0.4845543099780825,E SEEF unconditioned,21,0.6242774566473989
4639,0.9704142011834319,0.6467065868263473,0.96875,0.0941450687548695,x1*x2,0.12877657728886893,E SEEF unconditioned,21,0.9704142011834319
4799,0.9753086419753086,0.6012269938650306,0.975,0.07820557500366476,x1*x2,0.050220429550764376,E SEEF unconditioned,21,0.9753086419753086
4959,0.9333333333333333,0.5590062111801242,0.93125,0.11759205624457536,x1*x2,0.0969630408472012,E SEEF unconditioned,21,0.9333333333333333
5119,0.9178082191780822,0.5454545454545454,0.925,0.09017771250512396,x1*x2,0.04877838153215729,E SEEF unconditioned,21,0.9178082191780822
5279,0.9580838323353293,0.6282051282051282,0.95625,0.039298662500186765,x1*x2,0.04133078492731387,E SEEF unconditioned,21,0.9580838323353293
5439,0.9580838323353293,0.6024096385542169,0.95625,0.08432191250591359,x1*x2,0.056076377753662525,E SEEF unconditioned,21,0.9580838323353293
5599,0.9379310344827586,0.5633802816901409,0.94375,0.07205539374979253,x1*x2,0.062226368632710784,E SEEF unconditioned,21,0.9379310344827586
5759,0.9733333333333334,0.5521472392638037,0.975,0.06795019999259466,x1*x2,0.04975656546713688,E SEEF unconditioned,21,0.9733333333333334
5919,0.95,0.6352941176470588,0.95,0.07123619375022372,x1*x2,0.06475888272330073,E SEEF unconditioned,21,0.95
6079,0.7483870967741936,0.5868263473053892,0.75625,0.052959374994543396,x1*x2,0.3507961347572641,E SEEF unconditioned,21,0.7483870967741936
6239,0.4626865671641791,0.45714285714285713,0.55,0.06586258750047591,x1*x2,0.5004374091304932,E SEEF unconditioned,21,0.4626865671641791
6399,0.35,0.46616541353383456,0.5125,0.053205106236475785,x1*x2,0.48628046106338624,E SEEF unconditioned,21,0.35
6559,0.5185185185185185,0.43283582089552236,0.59375,0.03362109376183753,x1*x2,0.4658940573894631,E SEEF unconditioned,21,0.5185185185185185
6719,0.4,0.46808510638297873,0.49375,0.07776530624852285,x1*x2,0.4748382220308592,E SEEF unconditioned,21,0.4
6879,0.43795620437956206,0.34782608695652173,0.51875,0.09028943749171958,x1*x2,0.5332003575269889,E SEEF unconditioned,21,0.43795620437956206
7039,0.46153846153846156,0.40298507462686567,0.5625,0.12277295624159024,x1*x2,0.4759716974138804,E SEEF unconditioned,21,0.46153846153846156
7199,0.40310077519379844,0.5294117647058824,0.51875,0.14239997499316814,x1*x2,0.5339515154998516,E SEEF unconditioned,21,0.40310077519379844
7359,0.4647887323943662,0.43478260869565216,0.525,0.091913318748027,x1*x2,0.4871016064692796,E SEEF unconditioned,21,0.4647887323943662
7519,0.9803921568627451,0.3384615384615385,0.9875,0.06265524374668985,x1²,0.1811401938235186,E SEEF unconditioned,21,0.9803921568627451
7679,0.9807692307692307,0.3816793893129771,0.9875,0.11014439375145457,x1²,0.10897866892249872,E SEEF unconditioned,21,0.9807692307692307
7839,0.990990990990991,0.4090909090909091,0.99375,0.1281090874940105,x1²,0.04893491726877735,E SEEF unconditioned,21,0.990990990990991
7999,0.9803921568627451,0.3880597014925373,0.9875,0.08247576873685603,x1²,0.04512021008238289,E SEEF unconditioned,21,0.9803921568627451
8159,0.9719626168224299,0.45390070921985815,0.98125,0.09025433124350002,x1²,0.06468883583474763,E SEEF unconditioned,21,0.9719626168224299
8319,0.975609756097561,0.3916083916083916,0.98125,0.0846191312447786,x1²,0.04640252560221153,E SEEF unconditioned,21,0.975609756097561
8479,0.9719626168224299,0.4,0.98125,0.054323062491334895,x1²,0.038804147329971964,E SEEF unconditioned,21,0.9719626168224299
8639,0.9807692307692307,0.3308270676691729,0.9875,0.04951354999320756,x1²,0.032706025972558755,E SEEF unconditioned,21,0.9807692307692307
8799,0.9591836734693877,0.38571428571428573,0.975,0.07062014999661415,x1²,0.06497068876657251,E SEEF unconditioned,21,0.9591836734693877
8959,0.9310344827586207,0.3586206896551724,0.95,0.0945132562506501,x1²,0.07208405113402427,E SEEF unconditioned,21,0.9310344827586207
9119,0.7248322147651006,0.5644171779141104,0.74375,0.10480760000177725,x1²,0.37606374416741517,E SEEF unconditioned,21,0.7248322147651006
9279,0.5555555555555556,0.6143790849673203,0.65,0.04748317499263521,x1²,0.4506412977269628,E SEEF unconditioned,21,0.5555555555555556
9439,0.4626865671641791,0.5882352941176471,0.55,0.07582756873745211,x1²,0.5529374760665656,E SEEF unconditioned,21,0.4626865671641791
9599,0.54421768707483,0.591715976331361,0.58125,0.04369561251706955,x1²,0.49054546313542924,E SEEF unconditioned,21,0.54421768707483
9759,0.4090909090909091,0.5974025974025974,0.5125,0.07860757497866189,x1²,0.5163052857536914,E SEEF unconditioned,21,0.4090909090909091
9919,0.4409448818897638,0.5753424657534246,0.55625,0.0677745625011994,x1²,0.4804533464395854,E SEEF unconditioned,21,0.4409448818897638
10079,0.38926174496644295,0.6206896551724138,0.43125,0.1089024937542149,x1²,0.5382415119039005,E SEEF unconditioned,21,0.38926174496644295
10239,0.9440993788819876,0.5595238095238095,0.94375,0.07271710624792149,x1*x2,0.1568035457879335,E SEEF unconditioned,21,0.9440993788819876
10399,0.9367088607594937,0.6103896103896104,0.9375,0.10544043126543556,x1*x2,0.09525107007731543,E SEEF unconditioned,21,0.9367088607594937
10559,0.9811320754716981,0.5732484076433121,0.98125,0.08061930624165825,x1*x2,0.06541002372459397,E SEEF unconditioned,21,0.9811320754716981
10719,0.9790209790209791,0.618421052631579,0.98125,0.04222371250079959,x1*x2,0.059683818048912846,E SEEF unconditioned,21,0.9790209790209791
10879,0.9647058823529412,0.588957055214724,0.9625,0.06591265625246479,x1*x2,0.07890469517637651,E SEEF unconditioned,21,0.9647058823529412
11039,0.9375,0.620253164556962,0.9375,0.04475992500090342,x1*x2,0.07089647453707179,E SEEF unconditioned,21,0.9375
11199,0.9308176100628931,0.5780346820809249,0.93125,0.0469321999986505,x1*x2,0.03624029633700663,E SEEF unconditioned,21,0.9308176100628931
11359,0.9787234042553191,0.6629834254143646,0.975,0.05068695000431944,x1*x2,0.05254783509682323,E SEEF unconditioned,21,0.9787234042553191
11519,0.9565217391304348,0.5625,0.95625,0.09254240002007919,x1*x2,0.046904976587152675,E SEEF unconditioned,21,0.9565217391304348
11679,0.9444444444444444,0.5850340136054422,0.95,0.08760756248591406,x1*x2,0.06231400094720697,E SEEF unconditioned,21,0.9444444444444444
11839,0.9534883720930233,0.6666666666666666,0.95,0.062051474984059496,x1*x2,0.047074069974293316,E SEEF unconditioned,21,0.9534883720930233
11999,0.9419354838709677,0.5194805194805194,0.94375,0.08831806874667336,x1*x2,0.06292806380300206,E SEEF unconditioned,21,0.9419354838709677
12159,0.6444444444444445,0.9578947368421052,0.6,0.0791355812637562,x1*x2,0.5469323137371561,E SEEF unconditioned,21,0.6444444444444445
12319,0.6163522012578616,0.9795918367346939,0.61875,0.08450295624271575,x1*x2,0.5100122761123048,E SEEF unconditioned,21,0.6163522012578616
12479,0.5859872611464968,0.974025974025974,0.59375,0.03611710000086532,x1*x2,0.4754328769508003,E SEEF unconditioned,21,0.5859872611464968
12639,0.5786163522012578,0.975,0.58125,0.04391538126355954,x1*x2,0.4606494854785203,E SEEF unconditioned,21,0.5786163522012578
12799,0.45112781954887216,0.9774436090225563,0.54375,0.055991099993946136,x1*x2,0.508917650407908,E SEEF unconditioned,21,0.45112781954887216
12959,0.6107784431137725,0.9454545454545454,0.59375,0.06897691248752835,x1*x2,0.49306156518397254,E SEEF unconditioned,21,0.6107784431137725
13119,0.6927374301675978,0.9764705882352941,0.65625,0.05787392499314592,x1*x2,0.4703138603688008,E SEEF unconditioned,21,0.6927374301675978
13279,0.6086956521739131,0.9696969696969697,0.60625,0.03694333749422185,x1*x2,0.47259245834818636,E SEEF unconditioned,21,0.6086956521739131
13439,0.5945945945945946,0.961038961038961,0.625,0.07593571250765763,x1*x2,0.45476228612809955,E SEEF unconditioned,21,0.5945945945945946
13599,0.9696969696969697,0.9696969696969697,0.975,0.0863087999945833,clip(x1),0.11697085901242765,E SEEF unconditioned,21,0.9696969696969697
13759,0.9811320754716981,0.9811320754716981,0.98125,0.07967386249276842,clip(x1),0.05376272479763877,E SEEF unconditioned,21,0.9811320754716981
13919,0.972972972972973,0.972972972972973,0.975,0.0795409749969167,clip(x1),0.06134087922662945,E SEEF unconditioned,21,0.972972972972973
